student_id,risk_score,risk_band,simulated_support_need,error_type
STU000004,65.0,High,Moderate,False Positive
STU000005,32.0,Moderate,High,False Negative
STU000007,57.0,Moderate,High,False Negative
STU000019,47.0,Moderate,High,False Negative
STU000029,51.0,Moderate,High,False Negative
STU000030,50.0,Moderate,High,False Negative
STU000032,55.0,Moderate,High,False Negative
STU000033,15.0,Low,High,False Negative
STU000038,65.0,High,Moderate,False Positive
STU000059,44.0,Moderate,High,False Negative
STU000063,64.0,High,Moderate,False Positive
STU000066,52.0,Moderate,High,False Negative
STU000069,46.0,Moderate,High,False Negative
STU000072,67.0,High,Moderate,False Positive
STU000079,37.0,Moderate,High,False Negative
STU000097,61.0,High,Moderate,False Positive
STU000101,41.0,Moderate,High,False Negative
STU000105,57.0,Moderate,High,False Negative
STU000109,42.0,Moderate,High,False Negative
STU000111,35.0,Moderate,High,False Negative
STU000118,49.0,Moderate,High,False Negative
STU000125,51.0,Moderate,High,False Negative
STU000127,50.0,Moderate,High,False Negative
STU000133,58.0,Moderate,High,False Negative
STU000134,68.0,High,Moderate,False Positive
STU000138,18.0,Low,High,False Negative
STU000142,40.0,Moderate,High,False Negative
STU000144,56.0,Moderate,High,False Negative
STU000160,62.0,High,Moderate,False Positive
STU000176,60.0,High,Moderate,False Positive
STU000177,49.0,Moderate,High,False Negative
STU000185,41.0,Moderate,High,False Negative
STU000186,44.0,Moderate,High,False Negative
STU000195,51.0,Moderate,High,False Negative
STU000199,49.0,Moderate,High,False Negative
STU000206,56.0,Moderate,High,False Negative
STU000230,55.0,Moderate,High,False Negative
STU000231,49.0,Moderate,High,False Negative
STU000243,65.0,High,Moderate,False Positive
STU000245,53.0,Moderate,High,False Negative
STU000249,55.0,Moderate,High,False Negative
STU000258,65.0,High,Moderate,False Positive
STU000280,57.0,Moderate,High,False Negative
STU000289,69.0,High,Moderate,False Positive
STU000291,47.0,Moderate,High,False Negative
STU000299,46.0,Moderate,High,False Negative
STU000302,36.0,Moderate,High,False Negative
STU000306,42.0,Moderate,High,False Negative
STU000308,49.0,Moderate,High,False Negative
STU000314,66.0,High,Moderate,False Positive
STU000318,62.0,High,Moderate,False Positive
STU000319,44.0,Moderate,High,False Negative
STU000320,53.0,Moderate,High,False Negative
STU000326,70.0,High,Moderate,False Positive
STU000337,57.0,Moderate,High,False Negative
STU000338,59.0,Moderate,High,False Negative
STU000342,49.0,Moderate,High,False Negative
STU000355,52.0,Moderate,High,False Negative
STU000357,63.0,High,Moderate,False Positive
STU000358,46.0,Moderate,High,False Negative
STU000367,32.0,Moderate,High,False Negative
STU000372,40.0,Moderate,High,False Negative
STU000377,32.0,Moderate,High,False Negative
STU000378,31.0,Moderate,High,False Negative
STU000380,64.0,High,Moderate,False Positive
STU000383,59.0,Moderate,High,False Negative
STU000384,62.0,High,Moderate,False Positive
STU000385,44.0,Moderate,High,False Negative
STU000390,55.0,Moderate,High,False Negative
STU000397,59.0,Moderate,High,False Negative
STU000405,35.0,Moderate,High,False Negative
STU000413,70.0,High,Moderate,False Positive
STU000421,59.0,Moderate,High,False Negative
STU000422,59.0,Moderate,High,False Negative
STU000426,59.0,Moderate,High,False Negative
STU000432,61.0,High,Moderate,False Positive
STU000443,51.0,Moderate,High,False Negative
STU000459,42.0,Moderate,High,False Negative
STU000465,55.0,Moderate,High,False Negative
STU000471,46.0,Moderate,High,False Negative
STU000473,57.0,Moderate,High,False Negative
STU000481,49.0,Moderate,High,False Negative
STU000483,52.0,Moderate,High,False Negative
STU000497,61.0,High,Moderate,False Positive
STU000507,46.0,Moderate,High,False Negative
STU000508,57.0,Moderate,High,False Negative
STU000514,44.0,Moderate,High,False Negative
STU000540,46.0,Moderate,High,False Negative
STU000543,59.0,Moderate,High,False Negative
STU000548,62.0,High,Moderate,False Positive
STU000555,37.0,Moderate,High,False Negative
STU000561,43.0,Moderate,High,False Negative
STU000562,70.0,High,Moderate,False Positive
STU000571,63.0,High,Moderate,False Positive
STU000574,60.0,High,Moderate,False Positive
STU000577,68.0,High,Moderate,False Positive
STU000581,59.0,Moderate,High,False Negative
STU000585,51.0,Moderate,High,False Negative
STU000590,37.0,Moderate,High,False Negative
STU000594,49.0,Moderate,High,False Negative
STU000595,55.0,Moderate,High,False Negative
STU000616,41.0,Moderate,High,False Negative
STU000625,63.0,High,Moderate,False Positive
STU000626,52.0,Moderate,High,False Negative
STU000630,44.0,Moderate,High,False Negative
STU000634,49.0,Moderate,High,False Negative
STU000648,44.0,Moderate,High,False Negative
STU000649,44.0,Moderate,High,False Negative
STU000661,49.0,Moderate,High,False Negative
STU000669,44.0,Moderate,High,False Negative
STU000674,59.0,Moderate,High,False Negative
STU000678,56.0,Moderate,High,False Negative
STU000679,49.0,Moderate,High,False Negative
STU000686,55.0,Moderate,High,False Negative
STU000689,53.0,Moderate,High,False Negative
STU000694,42.0,Moderate,High,False Negative
STU000699,70.0,High,Moderate,False Positive
STU000706,49.0,Moderate,High,False Negative
STU000707,59.0,Moderate,High,False Negative
STU000717,38.0,Moderate,High,False Negative
STU000723,50.0,Moderate,High,False Negative
STU000741,58.0,Moderate,High,False Negative
STU000744,51.0,Moderate,High,False Negative
STU000753,46.0,Moderate,High,False Negative
STU000760,59.0,Moderate,High,False Negative
STU000762,51.0,Moderate,High,False Negative
STU000763,24.0,Low,High,False Negative
STU000770,52.0,Moderate,High,False Negative
STU000776,48.0,Moderate,High,False Negative
STU000790,35.0,Moderate,High,False Negative
STU000791,47.0,Moderate,High,False Negative
STU000805,22.0,Low,High,False Negative
STU000808,61.0,High,Moderate,False Positive
STU000814,52.0,Moderate,High,False Negative
STU000824,54.0,Moderate,High,False Negative
STU000831,58.0,Moderate,High,False Negative
STU000837,51.0,Moderate,High,False Negative
STU000840,61.0,High,Moderate,False Positive
STU000845,28.0,Low,High,False Negative
STU000854,47.0,Moderate,High,False Negative
STU000860,63.0,High,Moderate,False Positive
STU000868,43.0,Moderate,High,False Negative
STU000877,59.0,Moderate,High,False Negative
STU000879,40.0,Moderate,High,False Negative
STU000880,58.0,Moderate,High,False Negative
STU000891,40.0,Moderate,High,False Negative
STU000898,70.0,High,Moderate,False Positive
STU000904,49.0,Moderate,High,False Negative
STU000913,58.0,Moderate,High,False Negative
STU000915,49.0,Moderate,High,False Negative
STU000920,56.0,Moderate,High,False Negative
STU000923,40.0,Moderate,High,False Negative
STU000934,35.0,Moderate,High,False Negative
STU000937,52.0,Moderate,High,False Negative
STU000939,49.0,Moderate,High,False Negative
STU000943,65.0,High,Moderate,False Positive
STU000946,66.0,High,Moderate,False Positive
STU000949,61.0,High,Moderate,False Positive
STU000950,57.0,Moderate,High,False Negative
STU000960,44.0,Moderate,High,False Negative
STU000967,58.0,Moderate,High,False Negative
STU000970,62.0,High,Moderate,False Positive
STU000973,63.0,High,Moderate,False Positive
STU000974,47.0,Moderate,High,False Negative
STU000980,66.0,High,Moderate,False Positive
STU000983,41.0,Moderate,High,False Negative
STU000992,46.0,Moderate,High,False Negative
STU000994,31.0,Moderate,High,False Negative
STU000997,56.0,Moderate,High,False Negative
STU001003,56.0,Moderate,High,False Negative
STU001005,50.0,Moderate,High,False Negative
STU001015,58.0,Moderate,High,False Negative
STU001027,52.0,Moderate,High,False Negative
STU001029,65.0,High,Moderate,False Positive
STU001030,42.0,Moderate,High,False Negative
STU001039,42.0,Moderate,High,False Negative
STU001045,55.0,Moderate,High,False Negative
STU001054,65.0,High,Moderate,False Positive
STU001056,58.0,Moderate,High,False Negative
STU001062,58.0,Moderate,High,False Negative
STU001070,47.0,Moderate,High,False Negative
STU001071,72.0,High,Moderate,False Positive
STU001081,68.0,High,Moderate,False Positive
STU001087,55.0,Moderate,High,False Negative
STU001091,44.0,Moderate,High,False Negative
STU001094,59.0,Moderate,High,False Negative
STU001095,49.0,Moderate,High,False Negative
STU001096,49.0,Moderate,High,False Negative
STU001098,49.0,Moderate,High,False Negative
STU001105,58.0,Moderate,High,False Negative
STU001110,65.0,High,Moderate,False Positive
STU001113,77.0,High,Moderate,False Positive
STU001118,70.0,High,Moderate,False Positive
STU001126,49.0,Moderate,High,False Negative
STU001127,52.0,Moderate,High,False Negative
STU001133,59.0,Moderate,High,False Negative
STU001136,51.0,Moderate,High,False Negative
STU001139,35.0,Moderate,High,False Negative
STU001153,41.0,Moderate,High,False Negative
STU001164,49.0,Moderate,High,False Negative
STU001180,52.0,Moderate,High,False Negative
STU001189,58.0,Moderate,High,False Negative
STU001191,65.0,High,Moderate,False Positive
STU001196,44.0,Moderate,High,False Negative
STU001201,34.0,Moderate,High,False Negative
STU001209,49.0,Moderate,High,False Negative
STU001213,40.0,Moderate,High,False Negative
STU001214,56.0,Moderate,High,False Negative
STU001218,25.0,Low,High,False Negative
STU001220,44.0,Moderate,High,False Negative
STU001238,63.0,High,Moderate,False Positive
STU001250,61.0,High,Moderate,False Positive
STU001266,72.0,High,Moderate,False Positive
STU001276,44.0,Moderate,High,False Negative
STU001279,47.0,Moderate,High,False Negative
STU001282,81.0,Critical,Moderate,False Positive
STU001287,44.0,Moderate,High,False Negative
STU001297,40.0,Moderate,High,False Negative
STU001301,56.0,Moderate,High,False Negative
STU001302,51.0,Moderate,High,False Negative
STU001303,44.0,Moderate,High,False Negative
STU001307,49.0,Moderate,High,False Negative
STU001308,52.0,Moderate,High,False Negative
STU001313,72.0,High,Moderate,False Positive
STU001320,24.0,Low,High,False Negative
STU001328,48.0,Moderate,High,False Negative
STU001333,68.0,High,Moderate,False Positive
STU001335,45.0,Moderate,High,False Negative
STU001342,55.0,Moderate,High,False Negative
STU001344,46.0,Moderate,High,False Negative
STU001350,53.0,Moderate,High,False Negative
STU001355,70.0,High,Moderate,False Positive
STU001356,49.0,Moderate,High,False Negative
STU001360,71.0,High,Moderate,False Positive
STU001363,41.0,Moderate,High,False Negative
STU001374,58.0,Moderate,High,False Negative
STU001377,52.0,Moderate,High,False Negative
STU001380,34.0,Moderate,High,False Negative
STU001385,59.0,Moderate,High,False Negative
STU001402,46.0,Moderate,High,False Negative
STU001404,40.0,Moderate,High,False Negative
STU001409,47.0,Moderate,High,False Negative
STU001418,50.0,Moderate,High,False Negative
STU001425,44.0,Moderate,High,False Negative
STU001433,45.0,Moderate,High,False Negative
STU001439,40.0,Moderate,High,False Negative
STU001440,57.0,Moderate,High,False Negative
STU001442,60.0,High,Moderate,False Positive
STU001445,73.0,High,Moderate,False Positive
STU001447,48.0,Moderate,High,False Negative
STU001450,42.0,Moderate,High,False Negative
STU001466,57.0,Moderate,High,False Negative
STU001476,47.0,Moderate,High,False Negative
STU001485,55.0,Moderate,High,False Negative
STU001494,56.0,Moderate,High,False Negative
STU001495,57.0,Moderate,High,False Negative
STU001496,33.0,Moderate,High,False Negative
STU001497,55.0,Moderate,High,False Negative
STU001503,46.0,Moderate,High,False Negative
STU001507,56.0,Moderate,High,False Negative
STU001510,47.0,Moderate,High,False Negative
STU001520,59.0,Moderate,High,False Negative
STU001521,35.0,Moderate,High,False Negative
STU001525,41.0,Moderate,High,False Negative
STU001540,41.0,Moderate,High,False Negative
STU001550,65.0,High,Moderate,False Positive
STU001552,47.0,Moderate,High,False Negative
STU001557,33.0,Moderate,High,False Negative
STU001559,62.0,High,Moderate,False Positive
STU001560,57.0,Moderate,High,False Negative
STU001561,56.0,Moderate,High,False Negative
STU001564,51.0,Moderate,High,False Negative
STU001582,43.0,Moderate,High,False Negative
STU001603,49.0,Moderate,High,False Negative
STU001605,50.0,Moderate,High,False Negative
STU001607,41.0,Moderate,High,False Negative
STU001609,32.0,Moderate,High,False Negative
STU001613,68.0,High,Moderate,False Positive
STU001616,47.0,Moderate,High,False Negative
STU001626,64.0,High,Moderate,False Positive
STU001636,62.0,High,Moderate,False Positive
STU001642,42.0,Moderate,High,False Negative
STU001645,49.0,Moderate,High,False Negative
STU001653,62.0,High,Moderate,False Positive
STU001654,50.0,Moderate,High,False Negative
STU001658,51.0,Moderate,High,False Negative
STU001659,68.0,High,Moderate,False Positive
STU001661,53.0,Moderate,High,False Negative
STU001664,67.0,High,Moderate,False Positive
STU001666,68.0,High,Moderate,False Positive
STU001679,55.0,Moderate,High,False Negative
STU001681,65.0,High,Moderate,False Positive
STU001685,27.0,Low,High,False Negative
STU001687,61.0,High,Moderate,False Positive
STU001694,52.0,Moderate,High,False Negative
STU001696,74.0,High,Moderate,False Positive
STU001710,52.0,Moderate,High,False Negative
STU001729,74.0,High,Moderate,False Positive
STU001732,61.0,High,Moderate,False Positive
STU001739,44.0,Moderate,High,False Negative
STU001742,49.0,Moderate,High,False Negative
STU001743,52.0,Moderate,High,False Negative
STU001744,50.0,Moderate,High,False Negative
STU001772,43.0,Moderate,High,False Negative
STU001773,34.0,Moderate,High,False Negative
STU001777,41.0,Moderate,High,False Negative
STU001779,48.0,Moderate,High,False Negative
STU001780,35.0,Moderate,High,False Negative
STU001785,47.0,Moderate,High,False Negative
STU001804,52.0,Moderate,High,False Negative
STU001805,44.0,Moderate,High,False Negative
STU001812,25.0,Low,High,False Negative
STU001819,49.0,Moderate,High,False Negative
STU001820,45.0,Moderate,High,False Negative
STU001831,49.0,Moderate,High,False Negative
STU001853,31.0,Moderate,High,False Negative
STU001856,46.0,Moderate,High,False Negative
STU001862,58.0,Moderate,High,False Negative
STU001871,59.0,Moderate,High,False Negative
STU001876,60.0,High,Moderate,False Positive
STU001877,58.0,Moderate,High,False Negative
STU001880,36.0,Moderate,High,False Negative
STU001882,52.0,Moderate,High,False Negative
STU001883,47.0,Moderate,High,False Negative
STU001898,72.0,High,Moderate,False Positive
STU001907,63.0,High,Moderate,False Positive
STU001911,51.0,Moderate,High,False Negative
STU001913,54.0,Moderate,High,False Negative
STU001941,61.0,High,Moderate,False Positive
STU001942,44.0,Moderate,High,False Negative
STU001948,49.0,Moderate,High,False Negative
STU001954,58.0,Moderate,High,False Negative
STU001965,56.0,Moderate,High,False Negative
STU001967,68.0,High,Moderate,False Positive
STU001968,49.0,Moderate,High,False Negative
STU001977,61.0,High,Moderate,False Positive
STU001985,52.0,Moderate,High,False Negative
STU001998,58.0,Moderate,High,False Negative
STU002001,47.0,Moderate,High,False Negative
STU002004,37.0,Moderate,High,False Negative
STU002007,70.0,High,Moderate,False Positive
STU002008,39.0,Moderate,High,False Negative
STU002012,55.0,Moderate,High,False Negative
STU002014,27.0,Low,High,False Negative
STU002021,65.0,High,Moderate,False Positive
STU002023,65.0,High,Moderate,False Positive
STU002024,41.0,Moderate,High,False Negative
STU002027,59.0,Moderate,High,False Negative
STU002030,47.0,Moderate,High,False Negative
STU002036,55.0,Moderate,High,False Negative
STU002037,59.0,Moderate,High,False Negative
STU002038,55.0,Moderate,High,False Negative
STU002040,37.0,Moderate,High,False Negative
STU002043,35.0,Moderate,High,False Negative
STU002046,59.0,Moderate,High,False Negative
STU002052,61.0,High,Moderate,False Positive
STU002061,30.0,Moderate,High,False Negative
STU002062,55.0,Moderate,High,False Negative
STU002070,56.0,Moderate,High,False Negative
STU002071,50.0,Moderate,High,False Negative
STU002089,48.0,Moderate,High,False Negative
STU002091,24.0,Low,High,False Negative
STU002097,68.0,High,Moderate,False Positive
STU002099,55.0,Moderate,High,False Negative
STU002108,56.0,Moderate,High,False Negative
STU002113,58.0,Moderate,High,False Negative
STU002121,55.0,Moderate,High,False Negative
STU002123,44.0,Moderate,High,False Negative
STU002124,61.0,High,Moderate,False Positive
STU002126,63.0,High,Moderate,False Positive
STU002139,49.0,Moderate,High,False Negative
STU002140,32.0,Moderate,High,False Negative
STU002145,44.0,Moderate,High,False Negative
STU002151,47.0,Moderate,High,False Negative
STU002159,55.0,Moderate,High,False Negative
STU002162,58.0,Moderate,High,False Negative
STU002163,46.0,Moderate,High,False Negative
STU002167,42.0,Moderate,High,False Negative
STU002179,39.0,Moderate,High,False Negative
STU002184,55.0,Moderate,High,False Negative
STU002193,77.0,High,Moderate,False Positive
STU002202,56.0,Moderate,High,False Negative
STU002204,32.0,Moderate,High,False Negative
STU002207,52.0,Moderate,High,False Negative
STU002218,35.0,Moderate,High,False Negative
STU002220,51.0,Moderate,High,False Negative
STU002222,64.0,High,Moderate,False Positive
STU002227,58.0,Moderate,High,False Negative
STU002247,50.0,Moderate,High,False Negative
STU002249,40.0,Moderate,High,False Negative
STU002256,52.0,Moderate,High,False Negative
STU002258,56.0,Moderate,High,False Negative
STU002266,61.0,High,Moderate,False Positive
STU002271,55.0,Moderate,High,False Negative
STU002272,50.0,Moderate,High,False Negative
STU002277,65.0,High,Moderate,False Positive
STU002278,45.0,Moderate,High,False Negative
STU002285,65.0,High,Moderate,False Positive
STU002286,40.0,Moderate,High,False Negative
STU002287,59.0,Moderate,High,False Negative
STU002288,77.0,High,Moderate,False Positive
STU002291,56.0,Moderate,High,False Negative
STU002295,35.0,Moderate,High,False Negative
STU002301,36.0,Moderate,High,False Negative
STU002305,41.0,Moderate,High,False Negative
STU002306,55.0,Moderate,High,False Negative
STU002308,35.0,Moderate,High,False Negative
STU002310,35.0,Moderate,High,False Negative
STU002316,55.0,Moderate,High,False Negative
STU002335,40.0,Moderate,High,False Negative
STU002341,49.0,Moderate,High,False Negative
STU002347,51.0,Moderate,High,False Negative
STU002356,67.0,High,Moderate,False Positive
STU002366,37.0,Moderate,High,False Negative
STU002374,50.0,Moderate,High,False Negative
STU002377,67.0,High,Moderate,False Positive
STU002383,36.0,Moderate,High,False Negative
STU002386,56.0,Moderate,High,False Negative
STU002388,62.0,High,Moderate,False Positive
STU002396,50.0,Moderate,High,False Negative
STU002399,51.0,Moderate,High,False Negative
STU002406,43.0,Moderate,High,False Negative
STU002408,53.0,Moderate,High,False Negative
STU002411,55.0,Moderate,High,False Negative
STU002418,57.0,Moderate,High,False Negative
STU002420,51.0,Moderate,High,False Negative
STU002421,52.0,Moderate,High,False Negative
STU002430,52.0,Moderate,High,False Negative
STU002431,59.0,Moderate,High,False Negative
STU002437,54.0,Moderate,High,False Negative
STU002460,57.0,Moderate,High,False Negative
STU002465,52.0,Moderate,High,False Negative
STU002467,34.0,Moderate,High,False Negative
STU002479,60.0,High,Moderate,False Positive
STU002483,62.0,High,Moderate,False Positive
STU002486,66.0,High,Moderate,False Positive
STU002497,59.0,Moderate,High,False Negative
STU002500,49.0,Moderate,High,False Negative
