school,programme,students,average_risk_score,high_or_critical,average_attendance,average_score,high_or_critical_rate
Graduate School of Business,Economics,207,35.24154589371981,25,82.7230273752013,68.4137332259796,12.077294685990339
Graduate School of Business,Finance,197,37.045685279187815,24,82.24534686971235,67.88337845459674,12.18274111675127
School of Engineering and Digital Sciences,Artificial Intelligence,209,37.55980861244019,30,81.55741626794259,68.20106060606061,14.354066985645932
School of Engineering and Digital Sciences,Computer Science,206,39.54368932038835,33,80.3462783171521,67.86087108953613,16.019417475728158
School of Engineering and Digital Sciences,Electrical Engineering,212,40.62264150943396,38,80.43474842767296,67.64125,17.92452830188679
School of Engineering and Digital Sciences,Mechanical Engineering,227,37.18942731277533,27,82.15785609397943,68.09308614782184,11.894273127753303
School of Mining and Geosciences,Civil Engineering,220,37.49090909090909,28,81.26212121212122,68.60370454545455,12.727272727272727
School of Sciences and Humanities,Biological Sciences,188,38.3031914893617,30,81.2136524822695,68.42371749408984,15.957446808510639
School of Sciences and Humanities,Chemistry,211,39.00473933649289,33,81.21011058451816,67.57389415481833,15.639810426540285
School of Sciences and Humanities,Physics,211,36.052132701421804,21,82.18088467614534,68.0748420221169,9.95260663507109
School of Sciences and Humanities,Political Science and International Relations,225,37.25333333333333,31,81.87777777777778,68.34291358024691,13.777777777777779
School of Sciences and Humanities,Sociology,187,41.342245989304814,35,80.61942959001783,67.37575163398692,18.71657754010695
