event_id,integration_id,event_time,status,event_type,records_processed,latency_ms,error_message
INT-SIS-ANL-EVT-0001,INT-SIS-ANL,2026-09-28 17:30:00,SUCCESS,Successful synchronization,194,760,
INT-SIS-ANL-EVT-0002,INT-SIS-ANL,2026-09-28 17:00:00,SUCCESS,Successful synchronization,213,767,
INT-SIS-ANL-EVT-0003,INT-SIS-ANL,2026-09-28 16:30:00,WARNING,Rate-limit response,269,640,Transient condition; retry completed.
INT-SIS-ANL-EVT-0004,INT-SIS-ANL,2026-09-28 16:00:00,FAILED,Authentication failure,216,858,Synthetic integration failure for demonstration.
INT-SIS-ANL-EVT-0005,INT-SIS-ANL,2026-09-28 15:30:00,SUCCESS,Successful synchronization,203,869,
INT-SIS-ANL-EVT-0006,INT-SIS-ANL,2026-09-28 15:00:00,SUCCESS,Successful synchronization,294,634,
INT-SIS-ANL-EVT-0007,INT-SIS-ANL,2026-09-28 14:30:00,SUCCESS,Successful synchronization,297,750,
INT-SIS-ANL-EVT-0008,INT-SIS-ANL,2026-09-28 14:00:00,SUCCESS,Successful synchronization,247,939,
INT-SIS-ANL-EVT-0009,INT-SIS-ANL,2026-09-28 13:30:00,SUCCESS,Successful synchronization,292,626,
INT-SIS-ANL-EVT-0010,INT-SIS-ANL,2026-09-28 13:00:00,SUCCESS,Successful synchronization,250,617,
INT-SIS-ANL-EVT-0011,INT-SIS-ANL,2026-09-28 12:30:00,SUCCESS,Successful synchronization,256,1049,
INT-SIS-ANL-EVT-0012,INT-SIS-ANL,2026-09-28 12:00:00,SUCCESS,Successful synchronization,202,916,
INT-SIS-ANL-EVT-0013,INT-SIS-ANL,2026-09-28 11:30:00,SUCCESS,Successful synchronization,284,872,
INT-SIS-ANL-EVT-0014,INT-SIS-ANL,2026-09-28 11:00:00,SUCCESS,Successful synchronization,207,809,
INT-SIS-ANL-EVT-0015,INT-SIS-ANL,2026-09-28 10:30:00,SUCCESS,Successful synchronization,282,797,
INT-SIS-ANL-EVT-0016,INT-SIS-ANL,2026-09-28 10:00:00,FAILED,Timeout,261,929,Synthetic integration failure for demonstration.
INT-SIS-ANL-EVT-0017,INT-SIS-ANL,2026-09-28 09:30:00,SUCCESS,Successful synchronization,264,733,
INT-SIS-ANL-EVT-0018,INT-SIS-ANL,2026-09-28 09:00:00,SUCCESS,Successful synchronization,203,949,
INT-SIS-ANL-EVT-0019,INT-SIS-ANL,2026-09-28 08:30:00,FAILED,Authentication failure,297,976,Synthetic integration failure for demonstration.
INT-SIS-ANL-EVT-0020,INT-SIS-ANL,2026-09-28 08:00:00,SUCCESS,Successful synchronization,253,773,
INT-SIS-ANL-EVT-0021,INT-SIS-ANL,2026-09-28 07:30:00,SUCCESS,Successful synchronization,236,1003,
INT-SIS-ANL-EVT-0022,INT-SIS-ANL,2026-09-28 07:00:00,SUCCESS,Successful synchronization,260,901,
INT-SIS-ANL-EVT-0023,INT-SIS-ANL,2026-09-28 06:30:00,SUCCESS,Successful synchronization,244,799,
INT-SIS-ANL-EVT-0024,INT-SIS-ANL,2026-09-28 06:00:00,SUCCESS,Successful synchronization,214,1170,
INT-SIS-ANL-EVT-0025,INT-SIS-ANL,2026-09-28 05:30:00,SUCCESS,Successful synchronization,233,667,
INT-SIS-ANL-EVT-0026,INT-SIS-ANL,2026-09-28 05:00:00,SUCCESS,Successful synchronization,192,805,
INT-SIS-ANL-EVT-0027,INT-SIS-ANL,2026-09-28 04:30:00,SUCCESS,Successful synchronization,259,772,
INT-SIS-ANL-EVT-0028,INT-SIS-ANL,2026-09-28 04:00:00,SUCCESS,Successful synchronization,196,904,
INT-SIS-ANL-EVT-0029,INT-SIS-ANL,2026-09-28 03:30:00,SUCCESS,Successful synchronization,283,796,
INT-SIS-ANL-EVT-0030,INT-SIS-ANL,2026-09-28 03:00:00,SUCCESS,Successful synchronization,286,750,
INT-SIS-ANL-EVT-0031,INT-SIS-ANL,2026-09-28 02:30:00,SUCCESS,Successful synchronization,296,573,
INT-SIS-ANL-EVT-0032,INT-SIS-ANL,2026-09-28 02:00:00,SUCCESS,Successful synchronization,200,525,
INT-SIS-ANL-EVT-0033,INT-SIS-ANL,2026-09-28 01:30:00,SUCCESS,Successful synchronization,196,670,
INT-SIS-ANL-EVT-0034,INT-SIS-ANL,2026-09-28 01:00:00,SUCCESS,Successful synchronization,213,948,
INT-SIS-ANL-EVT-0035,INT-SIS-ANL,2026-09-28 00:30:00,SUCCESS,Successful synchronization,299,893,
INT-SIS-ANL-EVT-0036,INT-SIS-ANL,2026-09-28 00:00:00,SUCCESS,Successful synchronization,190,632,
INT-SIS-ANL-EVT-0037,INT-SIS-ANL,2026-09-27 23:30:00,SUCCESS,Successful synchronization,271,616,
INT-SIS-ANL-EVT-0038,INT-SIS-ANL,2026-09-27 23:00:00,SUCCESS,Successful synchronization,189,747,
INT-SIS-ANL-EVT-0039,INT-SIS-ANL,2026-09-27 22:30:00,SUCCESS,Successful synchronization,244,1084,
INT-SIS-ANL-EVT-0040,INT-SIS-ANL,2026-09-27 22:00:00,SUCCESS,Successful synchronization,242,919,
INT-SIS-ANL-EVT-0041,INT-SIS-ANL,2026-09-27 21:30:00,SUCCESS,Successful synchronization,227,622,
INT-SIS-ANL-EVT-0042,INT-SIS-ANL,2026-09-27 21:00:00,SUCCESS,Successful synchronization,274,1154,
INT-SIS-ANL-EVT-0043,INT-SIS-ANL,2026-09-27 20:30:00,SUCCESS,Successful synchronization,243,731,
INT-SIS-ANL-EVT-0044,INT-SIS-ANL,2026-09-27 20:00:00,SUCCESS,Successful synchronization,243,592,
INT-SIS-ANL-EVT-0045,INT-SIS-ANL,2026-09-27 19:30:00,SUCCESS,Successful synchronization,259,918,
INT-SIS-ANL-EVT-0046,INT-SIS-ANL,2026-09-27 19:00:00,SUCCESS,Successful synchronization,285,827,
INT-SIS-ANL-EVT-0047,INT-SIS-ANL,2026-09-27 18:30:00,SUCCESS,Successful synchronization,259,879,
INT-SIS-ANL-EVT-0048,INT-SIS-ANL,2026-09-27 18:00:00,SUCCESS,Successful synchronization,239,877,
INT-SIS-ANL-EVT-0049,INT-SIS-ANL,2026-09-27 17:30:00,SUCCESS,Successful synchronization,269,863,
INT-SIS-ANL-EVT-0050,INT-SIS-ANL,2026-09-27 17:00:00,SUCCESS,Successful synchronization,269,864,
INT-SIS-ANL-EVT-0051,INT-SIS-ANL,2026-09-27 16:30:00,SUCCESS,Successful synchronization,272,894,
INT-SIS-ANL-EVT-0052,INT-SIS-ANL,2026-09-27 16:00:00,SUCCESS,Successful synchronization,297,883,
INT-SIS-ANL-EVT-0053,INT-SIS-ANL,2026-09-27 15:30:00,SUCCESS,Successful synchronization,226,856,
INT-SIS-ANL-EVT-0054,INT-SIS-ANL,2026-09-27 15:00:00,SUCCESS,Successful synchronization,263,745,
INT-SIS-ANL-EVT-0055,INT-SIS-ANL,2026-09-27 14:30:00,SUCCESS,Successful synchronization,249,814,
INT-SIS-ANL-EVT-0056,INT-SIS-ANL,2026-09-27 14:00:00,SUCCESS,Successful synchronization,244,855,
INT-SIS-ANL-EVT-0057,INT-SIS-ANL,2026-09-27 13:30:00,SUCCESS,Successful synchronization,200,895,
INT-SIS-ANL-EVT-0058,INT-SIS-ANL,2026-09-27 13:00:00,SUCCESS,Successful synchronization,296,795,
INT-SIS-ANL-EVT-0059,INT-SIS-ANL,2026-09-27 12:30:00,SUCCESS,Successful synchronization,188,926,
INT-SIS-ANL-EVT-0060,INT-SIS-ANL,2026-09-27 12:00:00,SUCCESS,Successful synchronization,276,897,
INT-LMS-ANL-EVT-0001,INT-LMS-ANL,2026-09-28 17:30:00,SUCCESS,Successful synchronization,1327,1084,
INT-LMS-ANL-EVT-0002,INT-LMS-ANL,2026-09-28 17:00:00,SUCCESS,Successful synchronization,1366,1073,
INT-LMS-ANL-EVT-0003,INT-LMS-ANL,2026-09-28 16:30:00,SUCCESS,Successful synchronization,1343,834,
INT-LMS-ANL-EVT-0004,INT-LMS-ANL,2026-09-28 16:00:00,SUCCESS,Successful synchronization,1299,1083,
INT-LMS-ANL-EVT-0005,INT-LMS-ANL,2026-09-28 15:30:00,SUCCESS,Successful synchronization,1362,992,
INT-LMS-ANL-EVT-0006,INT-LMS-ANL,2026-09-28 15:00:00,SUCCESS,Successful synchronization,1155,1176,
INT-LMS-ANL-EVT-0007,INT-LMS-ANL,2026-09-28 14:30:00,SUCCESS,Successful synchronization,1506,1156,
INT-LMS-ANL-EVT-0008,INT-LMS-ANL,2026-09-28 14:00:00,SUCCESS,Successful synchronization,1443,1253,
INT-LMS-ANL-EVT-0009,INT-LMS-ANL,2026-09-28 13:30:00,SUCCESS,Successful synchronization,1514,1093,
INT-LMS-ANL-EVT-0010,INT-LMS-ANL,2026-09-28 13:00:00,SUCCESS,Successful synchronization,1718,1118,
INT-LMS-ANL-EVT-0011,INT-LMS-ANL,2026-09-28 12:30:00,SUCCESS,Successful synchronization,1325,1250,
INT-LMS-ANL-EVT-0012,INT-LMS-ANL,2026-09-28 12:00:00,WARNING,Rate-limit response,1278,860,Transient condition; retry completed.
INT-LMS-ANL-EVT-0013,INT-LMS-ANL,2026-09-28 11:30:00,SUCCESS,Successful synchronization,1478,1237,
INT-LMS-ANL-EVT-0014,INT-LMS-ANL,2026-09-28 11:00:00,SUCCESS,Successful synchronization,1160,1001,
INT-LMS-ANL-EVT-0015,INT-LMS-ANL,2026-09-28 10:30:00,SUCCESS,Successful synchronization,1194,930,
INT-LMS-ANL-EVT-0016,INT-LMS-ANL,2026-09-28 10:00:00,SUCCESS,Successful synchronization,1568,1040,
INT-LMS-ANL-EVT-0017,INT-LMS-ANL,2026-09-28 09:30:00,SUCCESS,Successful synchronization,1738,1046,
INT-LMS-ANL-EVT-0018,INT-LMS-ANL,2026-09-28 09:00:00,SUCCESS,Successful synchronization,1194,1005,
INT-LMS-ANL-EVT-0019,INT-LMS-ANL,2026-09-28 08:30:00,SUCCESS,Successful synchronization,1355,844,
INT-LMS-ANL-EVT-0020,INT-LMS-ANL,2026-09-28 08:00:00,SUCCESS,Successful synchronization,1434,972,
INT-LMS-ANL-EVT-0021,INT-LMS-ANL,2026-09-28 07:30:00,SUCCESS,Successful synchronization,1153,1009,
INT-LMS-ANL-EVT-0022,INT-LMS-ANL,2026-09-28 07:00:00,WARNING,Schema validation warning,1140,1022,Transient condition; retry completed.
INT-LMS-ANL-EVT-0023,INT-LMS-ANL,2026-09-28 06:30:00,SUCCESS,Successful synchronization,1564,1092,
INT-LMS-ANL-EVT-0024,INT-LMS-ANL,2026-09-28 06:00:00,SUCCESS,Successful synchronization,1167,977,
INT-LMS-ANL-EVT-0025,INT-LMS-ANL,2026-09-28 05:30:00,SUCCESS,Successful synchronization,1646,1042,
INT-LMS-ANL-EVT-0026,INT-LMS-ANL,2026-09-28 05:00:00,SUCCESS,Successful synchronization,1499,1122,
INT-LMS-ANL-EVT-0027,INT-LMS-ANL,2026-09-28 04:30:00,SUCCESS,Successful synchronization,1612,764,
INT-LMS-ANL-EVT-0028,INT-LMS-ANL,2026-09-28 04:00:00,SUCCESS,Successful synchronization,1674,796,
INT-LMS-ANL-EVT-0029,INT-LMS-ANL,2026-09-28 03:30:00,SUCCESS,Successful synchronization,1626,985,
INT-LMS-ANL-EVT-0030,INT-LMS-ANL,2026-09-28 03:00:00,SUCCESS,Successful synchronization,1454,878,
INT-LMS-ANL-EVT-0031,INT-LMS-ANL,2026-09-28 02:30:00,SUCCESS,Successful synchronization,1677,1129,
INT-LMS-ANL-EVT-0032,INT-LMS-ANL,2026-09-28 02:00:00,SUCCESS,Successful synchronization,1457,1053,
INT-LMS-ANL-EVT-0033,INT-LMS-ANL,2026-09-28 01:30:00,SUCCESS,Successful synchronization,1349,1099,
INT-LMS-ANL-EVT-0034,INT-LMS-ANL,2026-09-28 01:00:00,SUCCESS,Successful synchronization,1484,1130,
INT-LMS-ANL-EVT-0035,INT-LMS-ANL,2026-09-28 00:30:00,SUCCESS,Successful synchronization,1586,942,
INT-LMS-ANL-EVT-0036,INT-LMS-ANL,2026-09-28 00:00:00,SUCCESS,Successful synchronization,1481,1104,
INT-LMS-ANL-EVT-0037,INT-LMS-ANL,2026-09-27 23:30:00,SUCCESS,Successful synchronization,1659,912,
INT-LMS-ANL-EVT-0038,INT-LMS-ANL,2026-09-27 23:00:00,SUCCESS,Successful synchronization,1123,1284,
INT-LMS-ANL-EVT-0039,INT-LMS-ANL,2026-09-27 22:30:00,SUCCESS,Successful synchronization,1659,1128,
INT-LMS-ANL-EVT-0040,INT-LMS-ANL,2026-09-27 22:00:00,SUCCESS,Successful synchronization,1118,1325,
INT-LMS-ANL-EVT-0041,INT-LMS-ANL,2026-09-27 21:30:00,SUCCESS,Successful synchronization,1283,938,
INT-LMS-ANL-EVT-0042,INT-LMS-ANL,2026-09-27 21:00:00,SUCCESS,Successful synchronization,1472,1262,
INT-LMS-ANL-EVT-0043,INT-LMS-ANL,2026-09-27 20:30:00,SUCCESS,Successful synchronization,1368,822,
INT-LMS-ANL-EVT-0044,INT-LMS-ANL,2026-09-27 20:00:00,SUCCESS,Successful synchronization,1217,1243,
INT-LMS-ANL-EVT-0045,INT-LMS-ANL,2026-09-27 19:30:00,SUCCESS,Successful synchronization,1402,1358,
INT-LMS-ANL-EVT-0046,INT-LMS-ANL,2026-09-27 19:00:00,SUCCESS,Successful synchronization,1467,901,
INT-LMS-ANL-EVT-0047,INT-LMS-ANL,2026-09-27 18:30:00,SUCCESS,Successful synchronization,1716,1054,
INT-LMS-ANL-EVT-0048,INT-LMS-ANL,2026-09-27 18:00:00,SUCCESS,Successful synchronization,1341,1175,
INT-LMS-ANL-EVT-0049,INT-LMS-ANL,2026-09-27 17:30:00,SUCCESS,Successful synchronization,1287,994,
INT-LMS-ANL-EVT-0050,INT-LMS-ANL,2026-09-27 17:00:00,SUCCESS,Successful synchronization,1657,1084,
INT-LMS-ANL-EVT-0051,INT-LMS-ANL,2026-09-27 16:30:00,SUCCESS,Successful synchronization,1554,920,
INT-LMS-ANL-EVT-0052,INT-LMS-ANL,2026-09-27 16:00:00,SUCCESS,Successful synchronization,1394,1018,
INT-LMS-ANL-EVT-0053,INT-LMS-ANL,2026-09-27 15:30:00,SUCCESS,Successful synchronization,1284,950,
INT-LMS-ANL-EVT-0054,INT-LMS-ANL,2026-09-27 15:00:00,SUCCESS,Successful synchronization,1252,1047,
INT-LMS-ANL-EVT-0055,INT-LMS-ANL,2026-09-27 14:30:00,FAILED,Timeout,1307,1160,Synthetic integration failure for demonstration.
INT-LMS-ANL-EVT-0056,INT-LMS-ANL,2026-09-27 14:00:00,SUCCESS,Successful synchronization,1511,882,
INT-LMS-ANL-EVT-0057,INT-LMS-ANL,2026-09-27 13:30:00,SUCCESS,Successful synchronization,1641,739,
INT-LMS-ANL-EVT-0058,INT-LMS-ANL,2026-09-27 13:00:00,SUCCESS,Successful synchronization,1362,1376,
INT-LMS-ANL-EVT-0059,INT-LMS-ANL,2026-09-27 12:30:00,SUCCESS,Successful synchronization,1406,1005,
INT-LMS-ANL-EVT-0060,INT-LMS-ANL,2026-09-27 12:00:00,SUCCESS,Successful synchronization,1294,1012,
INT-ATT-ANL-EVT-0001,INT-ATT-ANL,2026-09-28 17:30:00,SUCCESS,Successful synchronization,785,834,
INT-ATT-ANL-EVT-0002,INT-ATT-ANL,2026-09-28 17:00:00,SUCCESS,Successful synchronization,765,707,
INT-ATT-ANL-EVT-0003,INT-ATT-ANL,2026-09-28 16:30:00,SUCCESS,Successful synchronization,817,567,
INT-ATT-ANL-EVT-0004,INT-ATT-ANL,2026-09-28 16:00:00,SUCCESS,Successful synchronization,733,937,
INT-ATT-ANL-EVT-0005,INT-ATT-ANL,2026-09-28 15:30:00,SUCCESS,Successful synchronization,753,697,
INT-ATT-ANL-EVT-0006,INT-ATT-ANL,2026-09-28 15:00:00,SUCCESS,Successful synchronization,857,596,
INT-ATT-ANL-EVT-0007,INT-ATT-ANL,2026-09-28 14:30:00,SUCCESS,Successful synchronization,677,818,
INT-ATT-ANL-EVT-0008,INT-ATT-ANL,2026-09-28 14:00:00,SUCCESS,Successful synchronization,706,751,
INT-ATT-ANL-EVT-0009,INT-ATT-ANL,2026-09-28 13:30:00,SUCCESS,Successful synchronization,1033,786,
INT-ATT-ANL-EVT-0010,INT-ATT-ANL,2026-09-28 13:00:00,SUCCESS,Successful synchronization,753,371,
INT-ATT-ANL-EVT-0011,INT-ATT-ANL,2026-09-28 12:30:00,SUCCESS,Successful synchronization,920,783,
INT-ATT-ANL-EVT-0012,INT-ATT-ANL,2026-09-28 12:00:00,SUCCESS,Successful synchronization,930,555,
INT-ATT-ANL-EVT-0013,INT-ATT-ANL,2026-09-28 11:30:00,SUCCESS,Successful synchronization,875,775,
INT-ATT-ANL-EVT-0014,INT-ATT-ANL,2026-09-28 11:00:00,SUCCESS,Successful synchronization,1049,847,
INT-ATT-ANL-EVT-0015,INT-ATT-ANL,2026-09-28 10:30:00,SUCCESS,Successful synchronization,954,580,
INT-ATT-ANL-EVT-0016,INT-ATT-ANL,2026-09-28 10:00:00,SUCCESS,Successful synchronization,889,502,
INT-ATT-ANL-EVT-0017,INT-ATT-ANL,2026-09-28 09:30:00,SUCCESS,Successful synchronization,986,660,
INT-ATT-ANL-EVT-0018,INT-ATT-ANL,2026-09-28 09:00:00,SUCCESS,Successful synchronization,935,857,
INT-ATT-ANL-EVT-0019,INT-ATT-ANL,2026-09-28 08:30:00,SUCCESS,Successful synchronization,837,604,
INT-ATT-ANL-EVT-0020,INT-ATT-ANL,2026-09-28 08:00:00,SUCCESS,Successful synchronization,802,608,
INT-ATT-ANL-EVT-0021,INT-ATT-ANL,2026-09-28 07:30:00,SUCCESS,Successful synchronization,792,741,
INT-ATT-ANL-EVT-0022,INT-ATT-ANL,2026-09-28 07:00:00,SUCCESS,Successful synchronization,708,609,
INT-ATT-ANL-EVT-0023,INT-ATT-ANL,2026-09-28 06:30:00,SUCCESS,Successful synchronization,895,726,
INT-ATT-ANL-EVT-0024,INT-ATT-ANL,2026-09-28 06:00:00,SUCCESS,Successful synchronization,907,759,
INT-ATT-ANL-EVT-0025,INT-ATT-ANL,2026-09-28 05:30:00,SUCCESS,Successful synchronization,953,737,
INT-ATT-ANL-EVT-0026,INT-ATT-ANL,2026-09-28 05:00:00,SUCCESS,Successful synchronization,860,479,
INT-ATT-ANL-EVT-0027,INT-ATT-ANL,2026-09-28 04:30:00,SUCCESS,Successful synchronization,677,799,
INT-ATT-ANL-EVT-0028,INT-ATT-ANL,2026-09-28 04:00:00,SUCCESS,Successful synchronization,743,601,
INT-ATT-ANL-EVT-0029,INT-ATT-ANL,2026-09-28 03:30:00,SUCCESS,Successful synchronization,937,858,
INT-ATT-ANL-EVT-0030,INT-ATT-ANL,2026-09-28 03:00:00,SUCCESS,Successful synchronization,890,694,
INT-ATT-ANL-EVT-0031,INT-ATT-ANL,2026-09-28 02:30:00,SUCCESS,Successful synchronization,948,571,
INT-ATT-ANL-EVT-0032,INT-ATT-ANL,2026-09-28 02:00:00,SUCCESS,Successful synchronization,874,769,
INT-ATT-ANL-EVT-0033,INT-ATT-ANL,2026-09-28 01:30:00,SUCCESS,Successful synchronization,996,956,
INT-ATT-ANL-EVT-0034,INT-ATT-ANL,2026-09-28 01:00:00,SUCCESS,Successful synchronization,750,648,
INT-ATT-ANL-EVT-0035,INT-ATT-ANL,2026-09-28 00:30:00,SUCCESS,Successful synchronization,770,771,
INT-ATT-ANL-EVT-0036,INT-ATT-ANL,2026-09-28 00:00:00,SUCCESS,Successful synchronization,733,687,
INT-ATT-ANL-EVT-0037,INT-ATT-ANL,2026-09-27 23:30:00,SUCCESS,Successful synchronization,775,621,
INT-ATT-ANL-EVT-0038,INT-ATT-ANL,2026-09-27 23:00:00,SUCCESS,Successful synchronization,839,685,
INT-ATT-ANL-EVT-0039,INT-ATT-ANL,2026-09-27 22:30:00,SUCCESS,Successful synchronization,983,989,
INT-ATT-ANL-EVT-0040,INT-ATT-ANL,2026-09-27 22:00:00,SUCCESS,Successful synchronization,951,623,
INT-ATT-ANL-EVT-0041,INT-ATT-ANL,2026-09-27 21:30:00,SUCCESS,Successful synchronization,1010,651,
INT-ATT-ANL-EVT-0042,INT-ATT-ANL,2026-09-27 21:00:00,SUCCESS,Successful synchronization,915,886,
INT-ATT-ANL-EVT-0043,INT-ATT-ANL,2026-09-27 20:30:00,SUCCESS,Successful synchronization,959,993,
INT-ATT-ANL-EVT-0044,INT-ATT-ANL,2026-09-27 20:00:00,SUCCESS,Successful synchronization,698,733,
INT-ATT-ANL-EVT-0045,INT-ATT-ANL,2026-09-27 19:30:00,SUCCESS,Successful synchronization,863,489,
INT-ATT-ANL-EVT-0046,INT-ATT-ANL,2026-09-27 19:00:00,SUCCESS,Successful synchronization,914,778,
INT-ATT-ANL-EVT-0047,INT-ATT-ANL,2026-09-27 18:30:00,SUCCESS,Successful synchronization,1016,791,
INT-ATT-ANL-EVT-0048,INT-ATT-ANL,2026-09-27 18:00:00,SUCCESS,Successful synchronization,1026,578,
INT-ATT-ANL-EVT-0049,INT-ATT-ANL,2026-09-27 17:30:00,SUCCESS,Successful synchronization,813,732,
INT-ATT-ANL-EVT-0050,INT-ATT-ANL,2026-09-27 17:00:00,SUCCESS,Successful synchronization,872,626,
INT-ATT-ANL-EVT-0051,INT-ATT-ANL,2026-09-27 16:30:00,SUCCESS,Successful synchronization,973,766,
INT-ATT-ANL-EVT-0052,INT-ATT-ANL,2026-09-27 16:00:00,SUCCESS,Successful synchronization,784,652,
INT-ATT-ANL-EVT-0053,INT-ATT-ANL,2026-09-27 15:30:00,SUCCESS,Successful synchronization,804,856,
INT-ATT-ANL-EVT-0054,INT-ATT-ANL,2026-09-27 15:00:00,SUCCESS,Successful synchronization,1063,882,
INT-ATT-ANL-EVT-0055,INT-ATT-ANL,2026-09-27 14:30:00,SUCCESS,Successful synchronization,776,698,
INT-ATT-ANL-EVT-0056,INT-ATT-ANL,2026-09-27 14:00:00,SUCCESS,Successful synchronization,1001,904,
INT-ATT-ANL-EVT-0057,INT-ATT-ANL,2026-09-27 13:30:00,SUCCESS,Successful synchronization,902,931,
INT-ATT-ANL-EVT-0058,INT-ATT-ANL,2026-09-27 13:00:00,SUCCESS,Successful synchronization,828,741,
INT-ATT-ANL-EVT-0059,INT-ATT-ANL,2026-09-27 12:30:00,SUCCESS,Successful synchronization,721,753,
INT-ATT-ANL-EVT-0060,INT-ATT-ANL,2026-09-27 12:00:00,SUCCESS,Successful synchronization,733,670,
INT-ANL-ASC-EVT-0001,INT-ANL-ASC,2026-09-28 17:30:00,SUCCESS,Successful synchronization,87,516,
INT-ANL-ASC-EVT-0002,INT-ANL-ASC,2026-09-28 17:00:00,FAILED,Authentication failure,89,1043,Synthetic integration failure for demonstration.
INT-ANL-ASC-EVT-0003,INT-ANL-ASC,2026-09-28 16:30:00,SUCCESS,Successful synchronization,90,500,
INT-ANL-ASC-EVT-0004,INT-ANL-ASC,2026-09-28 16:00:00,SUCCESS,Successful synchronization,80,832,
INT-ANL-ASC-EVT-0005,INT-ANL-ASC,2026-09-28 15:30:00,SUCCESS,Successful synchronization,92,563,
INT-ANL-ASC-EVT-0006,INT-ANL-ASC,2026-09-28 15:00:00,SUCCESS,Successful synchronization,73,564,
INT-ANL-ASC-EVT-0007,INT-ANL-ASC,2026-09-28 14:30:00,SUCCESS,Successful synchronization,82,256,
INT-ANL-ASC-EVT-0008,INT-ANL-ASC,2026-09-28 14:00:00,FAILED,Authentication failure,83,873,Synthetic integration failure for demonstration.
INT-ANL-ASC-EVT-0009,INT-ANL-ASC,2026-09-28 13:30:00,FAILED,Timeout,91,787,Synthetic integration failure for demonstration.
INT-ANL-ASC-EVT-0010,INT-ANL-ASC,2026-09-28 13:00:00,SUCCESS,Successful synchronization,77,374,
INT-ANL-ASC-EVT-0011,INT-ANL-ASC,2026-09-28 12:30:00,SUCCESS,Successful synchronization,78,703,
INT-ANL-ASC-EVT-0012,INT-ANL-ASC,2026-09-28 12:00:00,SUCCESS,Successful synchronization,69,761,
INT-ANL-ASC-EVT-0013,INT-ANL-ASC,2026-09-28 11:30:00,SUCCESS,Successful synchronization,76,571,
INT-ANL-ASC-EVT-0014,INT-ANL-ASC,2026-09-28 11:00:00,SUCCESS,Successful synchronization,60,743,
INT-ANL-ASC-EVT-0015,INT-ANL-ASC,2026-09-28 10:30:00,SUCCESS,Successful synchronization,74,601,
INT-ANL-ASC-EVT-0016,INT-ANL-ASC,2026-09-28 10:00:00,WARNING,Schema validation warning,60,452,Transient condition; retry completed.
INT-ANL-ASC-EVT-0017,INT-ANL-ASC,2026-09-28 09:30:00,SUCCESS,Successful synchronization,77,676,
INT-ANL-ASC-EVT-0018,INT-ANL-ASC,2026-09-28 09:00:00,SUCCESS,Successful synchronization,77,449,
INT-ANL-ASC-EVT-0019,INT-ANL-ASC,2026-09-28 08:30:00,SUCCESS,Successful synchronization,84,785,
INT-ANL-ASC-EVT-0020,INT-ANL-ASC,2026-09-28 08:00:00,SUCCESS,Successful synchronization,62,629,
INT-ANL-ASC-EVT-0021,INT-ANL-ASC,2026-09-28 07:30:00,SUCCESS,Successful synchronization,89,640,
INT-ANL-ASC-EVT-0022,INT-ANL-ASC,2026-09-28 07:00:00,SUCCESS,Successful synchronization,61,860,
INT-ANL-ASC-EVT-0023,INT-ANL-ASC,2026-09-28 06:30:00,SUCCESS,Successful synchronization,83,621,
INT-ANL-ASC-EVT-0024,INT-ANL-ASC,2026-09-28 06:00:00,SUCCESS,Successful synchronization,67,637,
INT-ANL-ASC-EVT-0025,INT-ANL-ASC,2026-09-28 05:30:00,SUCCESS,Successful synchronization,63,393,
INT-ANL-ASC-EVT-0026,INT-ANL-ASC,2026-09-28 05:00:00,WARNING,Connection retry,83,623,Transient condition; retry completed.
INT-ANL-ASC-EVT-0027,INT-ANL-ASC,2026-09-28 04:30:00,SUCCESS,Successful synchronization,90,592,
INT-ANL-ASC-EVT-0028,INT-ANL-ASC,2026-09-28 04:00:00,SUCCESS,Successful synchronization,93,262,
INT-ANL-ASC-EVT-0029,INT-ANL-ASC,2026-09-28 03:30:00,SUCCESS,Successful synchronization,82,486,
INT-ANL-ASC-EVT-0030,INT-ANL-ASC,2026-09-28 03:00:00,SUCCESS,Successful synchronization,67,559,
INT-ANL-ASC-EVT-0031,INT-ANL-ASC,2026-09-28 02:30:00,WARNING,Rate-limit response,73,742,Transient condition; retry completed.
INT-ANL-ASC-EVT-0032,INT-ANL-ASC,2026-09-28 02:00:00,SUCCESS,Successful synchronization,85,421,
INT-ANL-ASC-EVT-0033,INT-ANL-ASC,2026-09-28 01:30:00,SUCCESS,Successful synchronization,79,714,
INT-ANL-ASC-EVT-0034,INT-ANL-ASC,2026-09-28 01:00:00,SUCCESS,Successful synchronization,73,682,
INT-ANL-ASC-EVT-0035,INT-ANL-ASC,2026-09-28 00:30:00,FAILED,Timeout,68,506,Synthetic integration failure for demonstration.
INT-ANL-ASC-EVT-0036,INT-ANL-ASC,2026-09-28 00:00:00,SUCCESS,Successful synchronization,94,601,
INT-ANL-ASC-EVT-0037,INT-ANL-ASC,2026-09-27 23:30:00,SUCCESS,Successful synchronization,91,567,
INT-ANL-ASC-EVT-0038,INT-ANL-ASC,2026-09-27 23:00:00,SUCCESS,Successful synchronization,60,749,
INT-ANL-ASC-EVT-0039,INT-ANL-ASC,2026-09-27 22:30:00,SUCCESS,Successful synchronization,87,831,
INT-ANL-ASC-EVT-0040,INT-ANL-ASC,2026-09-27 22:00:00,WARNING,Connection retry,74,678,Transient condition; retry completed.
INT-ANL-ASC-EVT-0041,INT-ANL-ASC,2026-09-27 21:30:00,SUCCESS,Successful synchronization,63,354,
INT-ANL-ASC-EVT-0042,INT-ANL-ASC,2026-09-27 21:00:00,SUCCESS,Successful synchronization,87,605,
INT-ANL-ASC-EVT-0043,INT-ANL-ASC,2026-09-27 20:30:00,SUCCESS,Successful synchronization,95,661,
INT-ANL-ASC-EVT-0044,INT-ANL-ASC,2026-09-27 20:00:00,SUCCESS,Successful synchronization,86,688,
INT-ANL-ASC-EVT-0045,INT-ANL-ASC,2026-09-27 19:30:00,SUCCESS,Successful synchronization,90,359,
INT-ANL-ASC-EVT-0046,INT-ANL-ASC,2026-09-27 19:00:00,SUCCESS,Successful synchronization,65,825,
INT-ANL-ASC-EVT-0047,INT-ANL-ASC,2026-09-27 18:30:00,SUCCESS,Successful synchronization,71,875,
INT-ANL-ASC-EVT-0048,INT-ANL-ASC,2026-09-27 18:00:00,SUCCESS,Successful synchronization,71,716,
INT-ANL-ASC-EVT-0049,INT-ANL-ASC,2026-09-27 17:30:00,SUCCESS,Successful synchronization,91,700,
INT-ANL-ASC-EVT-0050,INT-ANL-ASC,2026-09-27 17:00:00,SUCCESS,Successful synchronization,70,615,
INT-ANL-ASC-EVT-0051,INT-ANL-ASC,2026-09-27 16:30:00,SUCCESS,Successful synchronization,84,427,
INT-ANL-ASC-EVT-0052,INT-ANL-ASC,2026-09-27 16:00:00,SUCCESS,Successful synchronization,86,724,
INT-ANL-ASC-EVT-0053,INT-ANL-ASC,2026-09-27 15:30:00,SUCCESS,Successful synchronization,73,748,
INT-ANL-ASC-EVT-0054,INT-ANL-ASC,2026-09-27 15:00:00,SUCCESS,Successful synchronization,85,201,
INT-ANL-ASC-EVT-0055,INT-ANL-ASC,2026-09-27 14:30:00,SUCCESS,Successful synchronization,90,576,
INT-ANL-ASC-EVT-0056,INT-ANL-ASC,2026-09-27 14:00:00,FAILED,Authentication failure,78,586,Synthetic integration failure for demonstration.
INT-ANL-ASC-EVT-0057,INT-ANL-ASC,2026-09-27 13:30:00,SUCCESS,Successful synchronization,92,532,
INT-ANL-ASC-EVT-0058,INT-ANL-ASC,2026-09-27 13:00:00,SUCCESS,Successful synchronization,95,992,
INT-ANL-ASC-EVT-0059,INT-ANL-ASC,2026-09-27 12:30:00,SUCCESS,Successful synchronization,90,629,
INT-ANL-ASC-EVT-0060,INT-ANL-ASC,2026-09-27 12:00:00,SUCCESS,Successful synchronization,61,529,
