student_id,simulated_support_need
STU000001,Moderate
STU000002,Moderate
STU000003,Moderate
STU000004,Moderate
STU000005,High
STU000006,Moderate
STU000007,High
STU000008,Moderate
STU000009,High
STU000010,Moderate
STU000011,High
STU000012,Moderate
STU000013,Moderate
STU000014,High
STU000015,Low
STU000016,Moderate
STU000017,Moderate
STU000018,Moderate
STU000019,High
STU000020,Moderate
STU000021,Moderate
STU000022,Low
STU000023,Moderate
STU000024,Low
STU000025,Low
STU000026,Moderate
STU000027,Moderate
STU000028,Moderate
STU000029,High
STU000030,High
STU000031,Low
STU000032,High
STU000033,High
STU000034,Low
STU000035,Low
STU000036,Moderate
STU000037,Moderate
STU000038,Moderate
STU000039,Low
STU000040,High
STU000041,Low
STU000042,Moderate
STU000043,Moderate
STU000044,Low
STU000045,Low
STU000046,Moderate
STU000047,Moderate
STU000048,Low
STU000049,Moderate
STU000050,Moderate
STU000051,Moderate
STU000052,Moderate
STU000053,Low
STU000054,Moderate
STU000055,Moderate
STU000056,Low
STU000057,Moderate
STU000058,Moderate
STU000059,High
STU000060,Low
STU000061,Moderate
STU000062,High
STU000063,Moderate
STU000064,Moderate
STU000065,High
STU000066,High
STU000067,Moderate
STU000068,Moderate
STU000069,High
STU000070,Critical
STU000071,Moderate
STU000072,Moderate
STU000073,High
STU000074,Moderate
STU000075,Moderate
STU000076,Moderate
STU000077,High
STU000078,Moderate
STU000079,High
STU000080,Moderate
STU000081,Moderate
STU000082,Low
STU000083,Moderate
STU000084,Moderate
STU000085,Low
STU000086,High
STU000087,Low
STU000088,Low
STU000089,Moderate
STU000090,High
STU000091,Low
STU000092,High
STU000093,Moderate
STU000094,Moderate
STU000095,High
STU000096,Moderate
STU000097,Moderate
STU000098,Moderate
STU000099,Moderate
STU000100,Moderate
STU000101,High
STU000102,High
STU000103,Moderate
STU000104,Low
STU000105,High
STU000106,Moderate
STU000107,Moderate
STU000108,Low
STU000109,High
STU000110,Moderate
STU000111,High
STU000112,Moderate
STU000113,Moderate
STU000114,Moderate
STU000115,High
STU000116,Moderate
STU000117,Moderate
STU000118,High
STU000119,Moderate
STU000120,Moderate
STU000121,Moderate
STU000122,Low
STU000123,Moderate
STU000124,Moderate
STU000125,High
STU000126,Low
STU000127,High
STU000128,Low
STU000129,Low
STU000130,Moderate
STU000131,Moderate
STU000132,Low
STU000133,High
STU000134,Moderate
STU000135,High
STU000136,Moderate
STU000137,High
STU000138,High
STU000139,Low
STU000140,Moderate
STU000141,Low
STU000142,High
STU000143,High
STU000144,High
STU000145,Low
STU000146,Moderate
STU000147,Critical
STU000148,Moderate
STU000149,Low
STU000150,Moderate
STU000151,Moderate
STU000152,Low
STU000153,High
STU000154,Moderate
STU000155,Moderate
STU000156,High
STU000157,Moderate
STU000158,Moderate
STU000159,Low
STU000160,Moderate
STU000161,Critical
STU000162,Moderate
STU000163,Low
STU000164,Moderate
STU000165,Low
STU000166,Moderate
STU000167,Low
STU000168,Moderate
STU000169,Moderate
STU000170,Low
STU000171,Moderate
STU000172,Moderate
STU000173,High
STU000174,Moderate
STU000175,Low
STU000176,Moderate
STU000177,High
STU000178,Moderate
STU000179,Low
STU000180,Moderate
STU000181,Moderate
STU000182,Moderate
STU000183,High
STU000184,Moderate
STU000185,High
STU000186,High
STU000187,Moderate
STU000188,Moderate
STU000189,Moderate
STU000190,Moderate
STU000191,Low
STU000192,Moderate
STU000193,Moderate
STU000194,Moderate
STU000195,High
STU000196,Low
STU000197,Moderate
STU000198,Moderate
STU000199,High
STU000200,Moderate
STU000201,Moderate
STU000202,Moderate
STU000203,Moderate
STU000204,Moderate
STU000205,High
STU000206,High
STU000207,Moderate
STU000208,Low
STU000209,High
STU000210,Moderate
STU000211,Moderate
STU000212,Moderate
STU000213,Low
STU000214,Moderate
STU000215,Low
STU000216,Low
STU000217,Low
STU000218,Moderate
STU000219,Moderate
STU000220,Moderate
STU000221,Moderate
STU000222,High
STU000223,Moderate
STU000224,High
STU000225,Moderate
STU000226,Moderate
STU000227,Moderate
STU000228,Moderate
STU000229,Low
STU000230,High
STU000231,High
STU000232,High
STU000233,Low
STU000234,Low
STU000235,Moderate
STU000236,Low
STU000237,Moderate
STU000238,Low
STU000239,Moderate
STU000240,Moderate
STU000241,Moderate
STU000242,Moderate
STU000243,Moderate
STU000244,Moderate
STU000245,High
STU000246,High
STU000247,Low
STU000248,Moderate
STU000249,High
STU000250,Moderate
STU000251,Moderate
STU000252,Moderate
STU000253,High
STU000254,Low
STU000255,Moderate
STU000256,Moderate
STU000257,Moderate
STU000258,Moderate
STU000259,Moderate
STU000260,Low
STU000261,Low
STU000262,Moderate
STU000263,Moderate
STU000264,Moderate
STU000265,Moderate
STU000266,Moderate
STU000267,Moderate
STU000268,Moderate
STU000269,Moderate
STU000270,High
STU000271,Moderate
STU000272,Low
STU000273,Moderate
STU000274,Moderate
STU000275,Low
STU000276,Moderate
STU000277,Moderate
STU000278,Moderate
STU000279,High
STU000280,High
STU000281,Moderate
STU000282,Moderate
STU000283,High
STU000284,Low
STU000285,Moderate
STU000286,Moderate
STU000287,Moderate
STU000288,Moderate
STU000289,Moderate
STU000290,Moderate
STU000291,High
STU000292,Moderate
STU000293,Moderate
STU000294,High
STU000295,Moderate
STU000296,Low
STU000297,Low
STU000298,Low
STU000299,High
STU000300,Moderate
STU000301,Low
STU000302,High
STU000303,Moderate
STU000304,Moderate
STU000305,Low
STU000306,High
STU000307,Moderate
STU000308,High
STU000309,Moderate
STU000310,Moderate
STU000311,Moderate
STU000312,Moderate
STU000313,Moderate
STU000314,Moderate
STU000315,Moderate
STU000316,Moderate
STU000317,Moderate
STU000318,Moderate
STU000319,High
STU000320,High
STU000321,High
STU000322,Moderate
STU000323,Low
STU000324,Low
STU000325,High
STU000326,Moderate
STU000327,High
STU000328,Low
STU000329,Low
STU000330,Moderate
STU000331,Critical
STU000332,Low
STU000333,Moderate
STU000334,Moderate
STU000335,Moderate
STU000336,Moderate
STU000337,High
STU000338,High
STU000339,Moderate
STU000340,Moderate
STU000341,High
STU000342,High
STU000343,Moderate
STU000344,Moderate
STU000345,Moderate
STU000346,Moderate
STU000347,Moderate
STU000348,Low
STU000349,High
STU000350,Moderate
STU000351,High
STU000352,Moderate
STU000353,High
STU000354,Low
STU000355,High
STU000356,Low
STU000357,Moderate
STU000358,High
STU000359,Moderate
STU000360,Moderate
STU000361,Moderate
STU000362,Moderate
STU000363,Moderate
STU000364,Low
STU000365,Moderate
STU000366,Moderate
STU000367,High
STU000368,Low
STU000369,Moderate
STU000370,Moderate
STU000371,Low
STU000372,High
STU000373,Moderate
STU000374,High
STU000375,Moderate
STU000376,Moderate
STU000377,High
STU000378,High
STU000379,Moderate
STU000380,Moderate
STU000381,Moderate
STU000382,Moderate
STU000383,High
STU000384,Moderate
STU000385,High
STU000386,Moderate
STU000387,High
STU000388,Moderate
STU000389,Moderate
STU000390,High
STU000391,Low
STU000392,Moderate
STU000393,Moderate
STU000394,Moderate
STU000395,Moderate
STU000396,Moderate
STU000397,High
STU000398,Low
STU000399,Low
STU000400,Moderate
STU000401,Moderate
STU000402,Low
STU000403,High
STU000404,Low
STU000405,High
STU000406,Moderate
STU000407,Moderate
STU000408,Moderate
STU000409,Low
STU000410,High
STU000411,Moderate
STU000412,Low
STU000413,Moderate
STU000414,Low
STU000415,Moderate
STU000416,Low
STU000417,Moderate
STU000418,Low
STU000419,Moderate
STU000420,Low
STU000421,High
STU000422,High
STU000423,Low
STU000424,Low
STU000425,Moderate
STU000426,High
STU000427,Moderate
STU000428,Moderate
STU000429,Low
STU000430,Moderate
STU000431,Low
STU000432,Moderate
STU000433,Moderate
STU000434,Low
STU000435,Moderate
STU000436,Moderate
STU000437,Moderate
STU000438,High
STU000439,Moderate
STU000440,Moderate
STU000441,Moderate
STU000442,Moderate
STU000443,High
STU000444,Moderate
STU000445,Low
STU000446,Low
STU000447,High
STU000448,Moderate
STU000449,Moderate
STU000450,Low
STU000451,Moderate
STU000452,High
STU000453,Low
STU000454,Moderate
STU000455,Low
STU000456,Low
STU000457,Moderate
STU000458,Moderate
STU000459,High
STU000460,Moderate
STU000461,Moderate
STU000462,Low
STU000463,Low
STU000464,Moderate
STU000465,High
STU000466,Moderate
STU000467,Moderate
STU000468,Low
STU000469,Low
STU000470,Moderate
STU000471,High
STU000472,Low
STU000473,High
STU000474,Moderate
STU000475,Moderate
STU000476,Moderate
STU000477,High
STU000478,Moderate
STU000479,High
STU000480,Moderate
STU000481,High
STU000482,Low
STU000483,High
STU000484,Moderate
STU000485,Moderate
STU000486,High
STU000487,Moderate
STU000488,Moderate
STU000489,High
STU000490,Moderate
STU000491,Low
STU000492,Low
STU000493,Moderate
STU000494,Moderate
STU000495,Low
STU000496,Moderate
STU000497,Moderate
STU000498,Moderate
STU000499,Low
STU000500,Moderate
STU000501,Low
STU000502,Moderate
STU000503,Low
STU000504,Moderate
STU000505,Moderate
STU000506,Moderate
STU000507,High
STU000508,High
STU000509,Low
STU000510,Low
STU000511,Moderate
STU000512,Moderate
STU000513,Moderate
STU000514,High
STU000515,High
STU000516,Moderate
STU000517,Moderate
STU000518,High
STU000519,Moderate
STU000520,Moderate
STU000521,Moderate
STU000522,Low
STU000523,Moderate
STU000524,Low
STU000525,High
STU000526,Moderate
STU000527,Moderate
STU000528,Moderate
STU000529,High
STU000530,Moderate
STU000531,Low
STU000532,Moderate
STU000533,Low
STU000534,Moderate
STU000535,Moderate
STU000536,High
STU000537,Low
STU000538,Moderate
STU000539,Low
STU000540,High
STU000541,High
STU000542,High
STU000543,High
STU000544,High
STU000545,Moderate
STU000546,Low
STU000547,Moderate
STU000548,Moderate
STU000549,Moderate
STU000550,Moderate
STU000551,Low
STU000552,Moderate
STU000553,High
STU000554,Low
STU000555,High
STU000556,Moderate
STU000557,High
STU000558,Moderate
STU000559,Moderate
STU000560,Moderate
STU000561,High
STU000562,Moderate
STU000563,Low
STU000564,Moderate
STU000565,Moderate
STU000566,Low
STU000567,Moderate
STU000568,Moderate
STU000569,Low
STU000570,High
STU000571,Moderate
STU000572,Moderate
STU000573,Moderate
STU000574,Moderate
STU000575,Moderate
STU000576,Moderate
STU000577,Moderate
STU000578,Moderate
STU000579,Low
STU000580,Moderate
STU000581,High
STU000582,Moderate
STU000583,Low
STU000584,High
STU000585,High
STU000586,Low
STU000587,Moderate
STU000588,Moderate
STU000589,High
STU000590,High
STU000591,Moderate
STU000592,Moderate
STU000593,Moderate
STU000594,High
STU000595,High
STU000596,Low
STU000597,Low
STU000598,Low
STU000599,Moderate
STU000600,Moderate
STU000601,Low
STU000602,Low
STU000603,Moderate
STU000604,Low
STU000605,Moderate
STU000606,Moderate
STU000607,Low
STU000608,Moderate
STU000609,Moderate
STU000610,Moderate
STU000611,Moderate
STU000612,Moderate
STU000613,Moderate
STU000614,Moderate
STU000615,Low
STU000616,High
STU000617,Moderate
STU000618,High
STU000619,Low
STU000620,Moderate
STU000621,Moderate
STU000622,Low
STU000623,Moderate
STU000624,High
STU000625,Moderate
STU000626,High
STU000627,Moderate
STU000628,Low
STU000629,Moderate
STU000630,High
STU000631,Moderate
STU000632,Moderate
STU000633,Low
STU000634,High
STU000635,Low
STU000636,Moderate
STU000637,Moderate
STU000638,Moderate
STU000639,Moderate
STU000640,Moderate
STU000641,Moderate
STU000642,Moderate
STU000643,Moderate
STU000644,Low
STU000645,High
STU000646,Low
STU000647,Moderate
STU000648,High
STU000649,High
STU000650,Low
STU000651,Moderate
STU000652,High
STU000653,Low
STU000654,Moderate
STU000655,Moderate
STU000656,High
STU000657,Low
STU000658,Moderate
STU000659,Moderate
STU000660,Moderate
STU000661,High
STU000662,Moderate
STU000663,Moderate
STU000664,Moderate
STU000665,Moderate
STU000666,Low
STU000667,Moderate
STU000668,Moderate
STU000669,High
STU000670,Low
STU000671,Moderate
STU000672,Low
STU000673,Low
STU000674,High
STU000675,Moderate
STU000676,Low
STU000677,High
STU000678,High
STU000679,High
STU000680,Moderate
STU000681,Moderate
STU000682,High
STU000683,Low
STU000684,High
STU000685,Moderate
STU000686,High
STU000687,Moderate
STU000688,Moderate
STU000689,High
STU000690,Moderate
STU000691,Low
STU000692,Low
STU000693,Low
STU000694,High
STU000695,Moderate
STU000696,Low
STU000697,Low
STU000698,Moderate
STU000699,Moderate
STU000700,Moderate
STU000701,Low
STU000702,High
STU000703,Moderate
STU000704,Moderate
STU000705,Moderate
STU000706,High
STU000707,High
STU000708,Low
STU000709,Low
STU000710,Moderate
STU000711,High
STU000712,Moderate
STU000713,Moderate
STU000714,Moderate
STU000715,Low
STU000716,Low
STU000717,High
STU000718,High
STU000719,High
STU000720,Moderate
STU000721,Low
STU000722,Low
STU000723,High
STU000724,Moderate
STU000725,Moderate
STU000726,Moderate
STU000727,Moderate
STU000728,Moderate
STU000729,Moderate
STU000730,Moderate
STU000731,Moderate
STU000732,Moderate
STU000733,Low
STU000734,Moderate
STU000735,Moderate
STU000736,Moderate
STU000737,Moderate
STU000738,Moderate
STU000739,Moderate
STU000740,Moderate
STU000741,High
STU000742,Moderate
STU000743,Low
STU000744,High
STU000745,Low
STU000746,Low
STU000747,High
STU000748,High
STU000749,Moderate
STU000750,Moderate
STU000751,Moderate
STU000752,Low
STU000753,High
STU000754,Moderate
STU000755,Moderate
STU000756,Moderate
STU000757,Moderate
STU000758,Moderate
STU000759,Moderate
STU000760,High
STU000761,Low
STU000762,High
STU000763,High
STU000764,Moderate
STU000765,Moderate
STU000766,Low
STU000767,Moderate
STU000768,Low
STU000769,Moderate
STU000770,High
STU000771,Low
STU000772,Moderate
STU000773,Moderate
STU000774,Moderate
STU000775,High
STU000776,High
STU000777,Low
STU000778,Moderate
STU000779,Moderate
STU000780,Moderate
STU000781,Moderate
STU000782,Moderate
STU000783,Moderate
STU000784,Moderate
STU000785,Moderate
STU000786,Moderate
STU000787,Moderate
STU000788,Moderate
STU000789,Moderate
STU000790,High
STU000791,High
STU000792,Moderate
STU000793,Moderate
STU000794,Low
STU000795,Moderate
STU000796,Moderate
STU000797,High
STU000798,Moderate
STU000799,Low
STU000800,Moderate
STU000801,Moderate
STU000802,Moderate
STU000803,Moderate
STU000804,Moderate
STU000805,High
STU000806,Moderate
STU000807,Low
STU000808,Moderate
STU000809,Moderate
STU000810,Moderate
STU000811,Moderate
STU000812,Low
STU000813,Low
STU000814,High
STU000815,Moderate
STU000816,Moderate
STU000817,Moderate
STU000818,Moderate
STU000819,Moderate
STU000820,High
STU000821,Low
STU000822,Moderate
STU000823,Low
STU000824,High
STU000825,Critical
STU000826,Moderate
STU000827,Moderate
STU000828,Moderate
STU000829,Moderate
STU000830,Low
STU000831,High
STU000832,Moderate
STU000833,Moderate
STU000834,Moderate
STU000835,Moderate
STU000836,Moderate
STU000837,High
STU000838,Moderate
STU000839,Moderate
STU000840,Moderate
STU000841,Moderate
STU000842,Moderate
STU000843,Moderate
STU000844,Moderate
STU000845,High
STU000846,Moderate
STU000847,Low
STU000848,Moderate
STU000849,Moderate
STU000850,Moderate
STU000851,Low
STU000852,Moderate
STU000853,Low
STU000854,High
STU000855,Moderate
STU000856,Moderate
STU000857,High
STU000858,Low
STU000859,Moderate
STU000860,Moderate
STU000861,High
STU000862,Moderate
STU000863,Moderate
STU000864,Moderate
STU000865,Moderate
STU000866,Low
STU000867,Moderate
STU000868,High
STU000869,Moderate
STU000870,Moderate
STU000871,Low
STU000872,Low
STU000873,High
STU000874,Moderate
STU000875,Moderate
STU000876,Moderate
STU000877,High
STU000878,Moderate
STU000879,High
STU000880,High
STU000881,Moderate
STU000882,Moderate
STU000883,Moderate
STU000884,Low
STU000885,Moderate
STU000886,Moderate
STU000887,Moderate
STU000888,Moderate
STU000889,Low
STU000890,Moderate
STU000891,High
STU000892,High
STU000893,Moderate
STU000894,High
STU000895,Low
STU000896,Moderate
STU000897,Moderate
STU000898,Moderate
STU000899,Moderate
STU000900,Low
STU000901,Low
STU000902,Moderate
STU000903,Low
STU000904,High
STU000905,Moderate
STU000906,Moderate
STU000907,Low
STU000908,Moderate
STU000909,Low
STU000910,Moderate
STU000911,Low
STU000912,Moderate
STU000913,High
STU000914,Moderate
STU000915,High
STU000916,Moderate
STU000917,Low
STU000918,Moderate
STU000919,Moderate
STU000920,High
STU000921,Moderate
STU000922,High
STU000923,High
STU000924,Moderate
STU000925,Moderate
STU000926,Moderate
STU000927,Moderate
STU000928,High
STU000929,High
STU000930,Moderate
STU000931,Moderate
STU000932,Moderate
STU000933,Moderate
STU000934,High
STU000935,Moderate
STU000936,Low
STU000937,High
STU000938,Moderate
STU000939,High
STU000940,Moderate
STU000941,High
STU000942,Moderate
STU000943,Moderate
STU000944,Moderate
STU000945,Moderate
STU000946,Moderate
STU000947,Moderate
STU000948,Moderate
STU000949,Moderate
STU000950,High
STU000951,Moderate
STU000952,Moderate
STU000953,Moderate
STU000954,Moderate
STU000955,Moderate
STU000956,Moderate
STU000957,Moderate
STU000958,Low
STU000959,Moderate
STU000960,High
STU000961,Moderate
STU000962,Moderate
STU000963,High
STU000964,Moderate
STU000965,High
STU000966,Moderate
STU000967,High
STU000968,Moderate
STU000969,Moderate
STU000970,Moderate
STU000971,Moderate
STU000972,Moderate
STU000973,Moderate
STU000974,High
STU000975,Moderate
STU000976,Moderate
STU000977,Moderate
STU000978,High
STU000979,Moderate
STU000980,Moderate
STU000981,Moderate
STU000982,Moderate
STU000983,High
STU000984,Low
STU000985,Moderate
STU000986,High
STU000987,High
STU000988,Moderate
STU000989,Moderate
STU000990,Low
STU000991,Moderate
STU000992,High
STU000993,Moderate
STU000994,High
STU000995,Low
STU000996,High
STU000997,High
STU000998,Moderate
STU000999,Moderate
STU001000,Moderate
STU001001,Moderate
STU001002,Moderate
STU001003,High
STU001004,Moderate
STU001005,High
STU001006,Low
STU001007,Moderate
STU001008,Moderate
STU001009,Moderate
STU001010,Low
STU001011,Moderate
STU001012,High
STU001013,Moderate
STU001014,High
STU001015,High
STU001016,Low
STU001017,High
STU001018,Moderate
STU001019,Moderate
STU001020,Low
STU001021,Moderate
STU001022,Moderate
STU001023,Moderate
STU001024,Low
STU001025,Moderate
STU001026,Low
STU001027,High
STU001028,Low
STU001029,Moderate
STU001030,High
STU001031,Moderate
STU001032,Low
STU001033,High
STU001034,Moderate
STU001035,Moderate
STU001036,Low
STU001037,Moderate
STU001038,Low
STU001039,High
STU001040,Moderate
STU001041,Moderate
STU001042,Low
STU001043,High
STU001044,Moderate
STU001045,High
STU001046,Moderate
STU001047,Moderate
STU001048,Moderate
STU001049,Moderate
STU001050,Moderate
STU001051,Moderate
STU001052,Low
STU001053,Moderate
STU001054,Moderate
STU001055,Moderate
STU001056,High
STU001057,Low
STU001058,Low
STU001059,Moderate
STU001060,Moderate
STU001061,High
STU001062,High
STU001063,Low
STU001064,Low
STU001065,Moderate
STU001066,High
STU001067,Moderate
STU001068,High
STU001069,Low
STU001070,High
STU001071,Moderate
STU001072,Low
STU001073,Low
STU001074,Moderate
STU001075,Moderate
STU001076,Moderate
STU001077,Low
STU001078,Moderate
STU001079,Moderate
STU001080,Moderate
STU001081,Moderate
STU001082,Low
STU001083,Moderate
STU001084,Moderate
STU001085,High
STU001086,Moderate
STU001087,High
STU001088,Moderate
STU001089,Low
STU001090,Moderate
STU001091,High
STU001092,Moderate
STU001093,Moderate
STU001094,High
STU001095,High
STU001096,High
STU001097,Low
STU001098,High
STU001099,Moderate
STU001100,Moderate
STU001101,Moderate
STU001102,Moderate
STU001103,Moderate
STU001104,Moderate
STU001105,High
STU001106,Moderate
STU001107,Low
STU001108,Moderate
STU001109,Moderate
STU001110,Moderate
STU001111,Moderate
STU001112,Moderate
STU001113,Moderate
STU001114,Low
STU001115,Moderate
STU001116,Moderate
STU001117,Moderate
STU001118,Moderate
STU001119,Moderate
STU001120,Moderate
STU001121,Moderate
STU001122,Low
STU001123,Low
STU001124,Low
STU001125,Moderate
STU001126,High
STU001127,High
STU001128,Moderate
STU001129,Low
STU001130,Moderate
STU001131,Moderate
STU001132,Moderate
STU001133,High
STU001134,Low
STU001135,Low
STU001136,High
STU001137,Moderate
STU001138,Moderate
STU001139,High
STU001140,Moderate
STU001141,Low
STU001142,High
STU001143,Moderate
STU001144,Moderate
STU001145,Moderate
STU001146,Moderate
STU001147,Moderate
STU001148,Moderate
STU001149,Moderate
STU001150,Moderate
STU001151,Moderate
STU001152,High
STU001153,High
STU001154,Moderate
STU001155,Moderate
STU001156,Moderate
STU001157,Low
STU001158,Moderate
STU001159,Moderate
STU001160,High
STU001161,Moderate
STU001162,Moderate
STU001163,Moderate
STU001164,High
STU001165,Moderate
STU001166,Moderate
STU001167,High
STU001168,Moderate
STU001169,Low
STU001170,Moderate
STU001171,Low
STU001172,Moderate
STU001173,Low
STU001174,Moderate
STU001175,Moderate
STU001176,Moderate
STU001177,Moderate
STU001178,Low
STU001179,Low
STU001180,High
STU001181,Low
STU001182,Moderate
STU001183,High
STU001184,Moderate
STU001185,Low
STU001186,Moderate
STU001187,Moderate
STU001188,Low
STU001189,High
STU001190,High
STU001191,Moderate
STU001192,Moderate
STU001193,Moderate
STU001194,Moderate
STU001195,High
STU001196,High
STU001197,Low
STU001198,Moderate
STU001199,Low
STU001200,Moderate
STU001201,High
STU001202,Moderate
STU001203,High
STU001204,Moderate
STU001205,Moderate
STU001206,Moderate
STU001207,Moderate
STU001208,Moderate
STU001209,High
STU001210,Moderate
STU001211,Low
STU001212,Moderate
STU001213,High
STU001214,High
STU001215,Moderate
STU001216,Moderate
STU001217,Moderate
STU001218,High
STU001219,Low
STU001220,High
STU001221,Low
STU001222,Moderate
STU001223,Moderate
STU001224,High
STU001225,Moderate
STU001226,Moderate
STU001227,Moderate
STU001228,Moderate
STU001229,High
STU001230,Moderate
STU001231,Moderate
STU001232,Moderate
STU001233,Moderate
STU001234,Moderate
STU001235,High
STU001236,Moderate
STU001237,Moderate
STU001238,Moderate
STU001239,Moderate
STU001240,Moderate
STU001241,Moderate
STU001242,Moderate
STU001243,Moderate
STU001244,Low
STU001245,High
STU001246,Moderate
STU001247,Moderate
STU001248,Moderate
STU001249,Moderate
STU001250,Moderate
STU001251,Moderate
STU001252,Low
STU001253,Low
STU001254,Moderate
STU001255,Moderate
STU001256,Moderate
STU001257,Moderate
STU001258,High
STU001259,Moderate
STU001260,Moderate
STU001261,Moderate
STU001262,High
STU001263,Moderate
STU001264,Moderate
STU001265,High
STU001266,Moderate
STU001267,High
STU001268,High
STU001269,Moderate
STU001270,Moderate
STU001271,High
STU001272,Low
STU001273,High
STU001274,Moderate
STU001275,Moderate
STU001276,High
STU001277,Moderate
STU001278,Moderate
STU001279,High
STU001280,Moderate
STU001281,Moderate
STU001282,Moderate
STU001283,Moderate
STU001284,Moderate
STU001285,Moderate
STU001286,Moderate
STU001287,High
STU001288,Moderate
STU001289,Moderate
STU001290,Moderate
STU001291,Moderate
STU001292,Moderate
STU001293,Moderate
STU001294,Moderate
STU001295,Low
STU001296,Moderate
STU001297,High
STU001298,High
STU001299,Moderate
STU001300,Low
STU001301,High
STU001302,High
STU001303,High
STU001304,Moderate
STU001305,High
STU001306,Moderate
STU001307,High
STU001308,High
STU001309,Low
STU001310,Moderate
STU001311,Low
STU001312,Moderate
STU001313,Moderate
STU001314,Low
STU001315,Moderate
STU001316,Moderate
STU001317,Moderate
STU001318,Moderate
STU001319,Moderate
STU001320,High
STU001321,Moderate
STU001322,Moderate
STU001323,Moderate
STU001324,Moderate
STU001325,Low
STU001326,Low
STU001327,Moderate
STU001328,High
STU001329,Moderate
STU001330,Moderate
STU001331,Moderate
STU001332,Low
STU001333,Moderate
STU001334,Moderate
STU001335,High
STU001336,High
STU001337,Moderate
STU001338,Low
STU001339,High
STU001340,Moderate
STU001341,Moderate
STU001342,High
STU001343,Low
STU001344,High
STU001345,Low
STU001346,High
STU001347,Low
STU001348,Low
STU001349,Moderate
STU001350,High
STU001351,Moderate
STU001352,Moderate
STU001353,Moderate
STU001354,Moderate
STU001355,Moderate
STU001356,High
STU001357,Low
STU001358,Moderate
STU001359,Low
STU001360,Moderate
STU001361,Moderate
STU001362,High
STU001363,High
STU001364,Moderate
STU001365,Moderate
STU001366,Moderate
STU001367,Low
STU001368,Moderate
STU001369,High
STU001370,Moderate
STU001371,Low
STU001372,Low
STU001373,Moderate
STU001374,High
STU001375,Low
STU001376,Low
STU001377,High
STU001378,Moderate
STU001379,High
STU001380,High
STU001381,Moderate
STU001382,Low
STU001383,Low
STU001384,High
STU001385,High
STU001386,Moderate
STU001387,Moderate
STU001388,Moderate
STU001389,Moderate
STU001390,Low
STU001391,Moderate
STU001392,Moderate
STU001393,Moderate
STU001394,High
STU001395,Low
STU001396,Moderate
STU001397,Low
STU001398,High
STU001399,Moderate
STU001400,Moderate
STU001401,Moderate
STU001402,High
STU001403,Moderate
STU001404,High
STU001405,High
STU001406,Moderate
STU001407,Low
STU001408,Moderate
STU001409,High
STU001410,Moderate
STU001411,Moderate
STU001412,Moderate
STU001413,Low
STU001414,Moderate
STU001415,Moderate
STU001416,Moderate
STU001417,High
STU001418,High
STU001419,Low
STU001420,Low
STU001421,Moderate
STU001422,Moderate
STU001423,Moderate
STU001424,Moderate
STU001425,High
STU001426,Moderate
STU001427,Moderate
STU001428,Moderate
STU001429,High
STU001430,Moderate
STU001431,Moderate
STU001432,Moderate
STU001433,High
STU001434,Moderate
STU001435,Moderate
STU001436,Moderate
STU001437,Moderate
STU001438,Moderate
STU001439,High
STU001440,High
STU001441,Moderate
STU001442,Moderate
STU001443,Moderate
STU001444,Moderate
STU001445,Moderate
STU001446,Moderate
STU001447,High
STU001448,High
STU001449,High
STU001450,High
STU001451,Moderate
STU001452,Moderate
STU001453,Low
STU001454,Low
STU001455,Moderate
STU001456,Moderate
STU001457,Moderate
STU001458,Moderate
STU001459,Low
STU001460,Low
STU001461,High
STU001462,Moderate
STU001463,Moderate
STU001464,High
STU001465,High
STU001466,High
STU001467,Low
STU001468,Low
STU001469,High
STU001470,High
STU001471,Moderate
STU001472,Low
STU001473,Moderate
STU001474,Moderate
STU001475,Moderate
STU001476,High
STU001477,Low
STU001478,Low
STU001479,Moderate
STU001480,Low
STU001481,Low
STU001482,High
STU001483,Moderate
STU001484,High
STU001485,High
STU001486,Low
STU001487,Moderate
STU001488,Low
STU001489,Low
STU001490,Moderate
STU001491,High
STU001492,Moderate
STU001493,Moderate
STU001494,High
STU001495,High
STU001496,High
STU001497,High
STU001498,Moderate
STU001499,Moderate
STU001500,Moderate
STU001501,Moderate
STU001502,Moderate
STU001503,High
STU001504,Moderate
STU001505,Low
STU001506,Moderate
STU001507,High
STU001508,Moderate
STU001509,Moderate
STU001510,High
STU001511,Low
STU001512,High
STU001513,Low
STU001514,Moderate
STU001515,Moderate
STU001516,Moderate
STU001517,Low
STU001518,High
STU001519,High
STU001520,High
STU001521,High
STU001522,Low
STU001523,Moderate
STU001524,Moderate
STU001525,High
STU001526,Moderate
STU001527,High
STU001528,Moderate
STU001529,Moderate
STU001530,Moderate
STU001531,Low
STU001532,Low
STU001533,Low
STU001534,Low
STU001535,Moderate
STU001536,Low
STU001537,High
STU001538,Moderate
STU001539,Moderate
STU001540,High
STU001541,Moderate
STU001542,Moderate
STU001543,Moderate
STU001544,High
STU001545,High
STU001546,Moderate
STU001547,Low
STU001548,Moderate
STU001549,Moderate
STU001550,Moderate
STU001551,Moderate
STU001552,High
STU001553,Low
STU001554,Moderate
STU001555,Moderate
STU001556,Critical
STU001557,High
STU001558,Low
STU001559,Moderate
STU001560,High
STU001561,High
STU001562,Moderate
STU001563,Moderate
STU001564,High
STU001565,High
STU001566,Moderate
STU001567,Moderate
STU001568,Moderate
STU001569,Low
STU001570,High
STU001571,Low
STU001572,Moderate
STU001573,Low
STU001574,High
STU001575,Moderate
STU001576,Moderate
STU001577,Moderate
STU001578,Low
STU001579,Moderate
STU001580,Moderate
STU001581,High
STU001582,High
STU001583,High
STU001584,Moderate
STU001585,High
STU001586,Low
STU001587,High
STU001588,Low
STU001589,Low
STU001590,Moderate
STU001591,Moderate
STU001592,High
STU001593,Moderate
STU001594,Moderate
STU001595,Moderate
STU001596,Moderate
STU001597,Low
STU001598,Moderate
STU001599,Moderate
STU001600,Moderate
STU001601,Moderate
STU001602,Moderate
STU001603,High
STU001604,Moderate
STU001605,High
STU001606,Low
STU001607,High
STU001608,High
STU001609,High
STU001610,Moderate
STU001611,Low
STU001612,Low
STU001613,Moderate
STU001614,Moderate
STU001615,Moderate
STU001616,High
STU001617,Moderate
STU001618,Low
STU001619,Moderate
STU001620,Moderate
STU001621,Moderate
STU001622,High
STU001623,Moderate
STU001624,Low
STU001625,Moderate
STU001626,Moderate
STU001627,High
STU001628,Low
STU001629,Moderate
STU001630,Moderate
STU001631,Moderate
STU001632,Low
STU001633,High
STU001634,Low
STU001635,Moderate
STU001636,Moderate
STU001637,Low
STU001638,Moderate
STU001639,High
STU001640,High
STU001641,High
STU001642,High
STU001643,Moderate
STU001644,High
STU001645,High
STU001646,Low
STU001647,Critical
STU001648,Low
STU001649,Moderate
STU001650,Low
STU001651,Moderate
STU001652,Moderate
STU001653,Moderate
STU001654,High
STU001655,Low
STU001656,High
STU001657,Moderate
STU001658,High
STU001659,Moderate
STU001660,Moderate
STU001661,High
STU001662,Low
STU001663,Low
STU001664,Moderate
STU001665,Moderate
STU001666,Moderate
STU001667,High
STU001668,Moderate
STU001669,Low
STU001670,Critical
STU001671,Low
STU001672,Moderate
STU001673,Low
STU001674,High
STU001675,Low
STU001676,Low
STU001677,Moderate
STU001678,Low
STU001679,High
STU001680,Moderate
STU001681,Moderate
STU001682,Moderate
STU001683,Low
STU001684,Moderate
STU001685,High
STU001686,Moderate
STU001687,Moderate
STU001688,Low
STU001689,Moderate
STU001690,Moderate
STU001691,Moderate
STU001692,Moderate
STU001693,Moderate
STU001694,High
STU001695,Moderate
STU001696,Moderate
STU001697,Moderate
STU001698,Low
STU001699,Moderate
STU001700,Low
STU001701,Low
STU001702,Moderate
STU001703,Moderate
STU001704,High
STU001705,Low
STU001706,Moderate
STU001707,Moderate
STU001708,Moderate
STU001709,Low
STU001710,High
STU001711,High
STU001712,Moderate
STU001713,High
STU001714,Moderate
STU001715,Moderate
STU001716,Low
STU001717,High
STU001718,Moderate
STU001719,Moderate
STU001720,Moderate
STU001721,Low
STU001722,Low
STU001723,Moderate
STU001724,Moderate
STU001725,Moderate
STU001726,Moderate
STU001727,Moderate
STU001728,Moderate
STU001729,Moderate
STU001730,Moderate
STU001731,Moderate
STU001732,Moderate
STU001733,Moderate
STU001734,Moderate
STU001735,Low
STU001736,Moderate
STU001737,Low
STU001738,Moderate
STU001739,High
STU001740,Moderate
STU001741,Moderate
STU001742,High
STU001743,High
STU001744,High
STU001745,Moderate
STU001746,Low
STU001747,Moderate
STU001748,Moderate
STU001749,Moderate
STU001750,Moderate
STU001751,Moderate
STU001752,Low
STU001753,Moderate
STU001754,Moderate
STU001755,Moderate
STU001756,Moderate
STU001757,Moderate
STU001758,Moderate
STU001759,Moderate
STU001760,Moderate
STU001761,Moderate
STU001762,Low
STU001763,Low
STU001764,Moderate
STU001765,Low
STU001766,Moderate
STU001767,Moderate
STU001768,Low
STU001769,Low
STU001770,Low
STU001771,Moderate
STU001772,High
STU001773,High
STU001774,Moderate
STU001775,Moderate
STU001776,High
STU001777,High
STU001778,Moderate
STU001779,High
STU001780,High
STU001781,High
STU001782,Low
STU001783,Low
STU001784,Moderate
STU001785,High
STU001786,Moderate
STU001787,Moderate
STU001788,Moderate
STU001789,Moderate
STU001790,Moderate
STU001791,Moderate
STU001792,High
STU001793,Moderate
STU001794,High
STU001795,Low
STU001796,Low
STU001797,Low
STU001798,Moderate
STU001799,Moderate
STU001800,Moderate
STU001801,Low
STU001802,Moderate
STU001803,Moderate
STU001804,High
STU001805,High
STU001806,Moderate
STU001807,Moderate
STU001808,Low
STU001809,Moderate
STU001810,Moderate
STU001811,Low
STU001812,High
STU001813,Moderate
STU001814,Moderate
STU001815,Moderate
STU001816,Moderate
STU001817,Moderate
STU001818,Moderate
STU001819,High
STU001820,High
STU001821,High
STU001822,Moderate
STU001823,Low
STU001824,Moderate
STU001825,Moderate
STU001826,Moderate
STU001827,Moderate
STU001828,Moderate
STU001829,Low
STU001830,Low
STU001831,High
STU001832,Moderate
STU001833,High
STU001834,Moderate
STU001835,Moderate
STU001836,Moderate
STU001837,Moderate
STU001838,Moderate
STU001839,High
STU001840,Moderate
STU001841,Low
STU001842,Moderate
STU001843,Moderate
STU001844,High
STU001845,Low
STU001846,Moderate
STU001847,Moderate
STU001848,Low
STU001849,Moderate
STU001850,Moderate
STU001851,Moderate
STU001852,Moderate
STU001853,High
STU001854,Low
STU001855,Moderate
STU001856,High
STU001857,Moderate
STU001858,Low
STU001859,Moderate
STU001860,Moderate
STU001861,Moderate
STU001862,High
STU001863,Low
STU001864,Moderate
STU001865,Moderate
STU001866,Moderate
STU001867,Moderate
STU001868,Moderate
STU001869,Low
STU001870,Low
STU001871,High
STU001872,High
STU001873,Moderate
STU001874,Moderate
STU001875,High
STU001876,Moderate
STU001877,High
STU001878,Moderate
STU001879,Low
STU001880,High
STU001881,Low
STU001882,High
STU001883,High
STU001884,Moderate
STU001885,Low
STU001886,Moderate
STU001887,Moderate
STU001888,Moderate
STU001889,Moderate
STU001890,Low
STU001891,Moderate
STU001892,Moderate
STU001893,Moderate
STU001894,Moderate
STU001895,Moderate
STU001896,Low
STU001897,Moderate
STU001898,Moderate
STU001899,Moderate
STU001900,Moderate
STU001901,Moderate
STU001902,Moderate
STU001903,Moderate
STU001904,Moderate
STU001905,Moderate
STU001906,Moderate
STU001907,Moderate
STU001908,High
STU001909,Moderate
STU001910,Moderate
STU001911,High
STU001912,High
STU001913,High
STU001914,Low
STU001915,Moderate
STU001916,Moderate
STU001917,Moderate
STU001918,Low
STU001919,Moderate
STU001920,High
STU001921,Moderate
STU001922,Moderate
STU001923,Low
STU001924,Moderate
STU001925,Moderate
STU001926,Moderate
STU001927,High
STU001928,Moderate
STU001929,Low
STU001930,Low
STU001931,Low
STU001932,Moderate
STU001933,High
STU001934,Moderate
STU001935,Low
STU001936,Moderate
STU001937,Low
STU001938,Moderate
STU001939,Moderate
STU001940,High
STU001941,Moderate
STU001942,High
STU001943,High
STU001944,Moderate
STU001945,Low
STU001946,Moderate
STU001947,Low
STU001948,High
STU001949,Moderate
STU001950,Low
STU001951,Moderate
STU001952,High
STU001953,Low
STU001954,High
STU001955,Moderate
STU001956,Low
STU001957,Moderate
STU001958,Moderate
STU001959,Moderate
STU001960,Critical
STU001961,Moderate
STU001962,High
STU001963,High
STU001964,Moderate
STU001965,High
STU001966,Moderate
STU001967,Moderate
STU001968,High
STU001969,Moderate
STU001970,Moderate
STU001971,Moderate
STU001972,Low
STU001973,Moderate
STU001974,Moderate
STU001975,Moderate
STU001976,Low
STU001977,Moderate
STU001978,Moderate
STU001979,Moderate
STU001980,Moderate
STU001981,High
STU001982,High
STU001983,Moderate
STU001984,Low
STU001985,High
STU001986,High
STU001987,Moderate
STU001988,Moderate
STU001989,Moderate
STU001990,Moderate
STU001991,Moderate
STU001992,High
STU001993,High
STU001994,High
STU001995,Moderate
STU001996,Moderate
STU001997,Moderate
STU001998,High
STU001999,Moderate
STU002000,High
STU002001,High
STU002002,Moderate
STU002003,Moderate
STU002004,High
STU002005,High
STU002006,Moderate
STU002007,Moderate
STU002008,High
STU002009,Low
STU002010,Low
STU002011,Moderate
STU002012,High
STU002013,Low
STU002014,High
STU002015,Moderate
STU002016,Moderate
STU002017,Moderate
STU002018,Moderate
STU002019,Moderate
STU002020,Moderate
STU002021,Moderate
STU002022,Moderate
STU002023,Moderate
STU002024,High
STU002025,Low
STU002026,Low
STU002027,High
STU002028,Moderate
STU002029,Moderate
STU002030,High
STU002031,Moderate
STU002032,Moderate
STU002033,Low
STU002034,High
STU002035,Moderate
STU002036,High
STU002037,High
STU002038,High
STU002039,Low
STU002040,High
STU002041,Moderate
STU002042,Moderate
STU002043,High
STU002044,Moderate
STU002045,Low
STU002046,High
STU002047,Moderate
STU002048,Moderate
STU002049,Moderate
STU002050,High
STU002051,Moderate
STU002052,Moderate
STU002053,Low
STU002054,Moderate
STU002055,Moderate
STU002056,Moderate
STU002057,Low
STU002058,Moderate
STU002059,Low
STU002060,Moderate
STU002061,High
STU002062,High
STU002063,Moderate
STU002064,Moderate
STU002065,Moderate
STU002066,Moderate
STU002067,High
STU002068,Low
STU002069,Moderate
STU002070,High
STU002071,High
STU002072,Moderate
STU002073,Moderate
STU002074,Moderate
STU002075,Moderate
STU002076,Moderate
STU002077,Moderate
STU002078,Moderate
STU002079,Low
STU002080,Moderate
STU002081,Moderate
STU002082,Moderate
STU002083,Moderate
STU002084,Moderate
STU002085,Moderate
STU002086,Moderate
STU002087,Low
STU002088,Low
STU002089,High
STU002090,Moderate
STU002091,High
STU002092,Low
STU002093,Moderate
STU002094,Low
STU002095,Moderate
STU002096,Low
STU002097,Moderate
STU002098,Moderate
STU002099,High
STU002100,High
STU002101,Moderate
STU002102,Low
STU002103,Low
STU002104,Moderate
STU002105,Moderate
STU002106,Moderate
STU002107,Moderate
STU002108,High
STU002109,Moderate
STU002110,Low
STU002111,Moderate
STU002112,Moderate
STU002113,High
STU002114,Moderate
STU002115,Low
STU002116,High
STU002117,High
STU002118,Moderate
STU002119,Moderate
STU002120,Moderate
STU002121,High
STU002122,Moderate
STU002123,High
STU002124,Moderate
STU002125,Moderate
STU002126,Moderate
STU002127,Moderate
STU002128,High
STU002129,Moderate
STU002130,Moderate
STU002131,High
STU002132,Moderate
STU002133,High
STU002134,Moderate
STU002135,Low
STU002136,Moderate
STU002137,Moderate
STU002138,Low
STU002139,High
STU002140,High
STU002141,High
STU002142,Critical
STU002143,Low
STU002144,Low
STU002145,High
STU002146,Low
STU002147,Moderate
STU002148,Moderate
STU002149,Moderate
STU002150,Moderate
STU002151,High
STU002152,Moderate
STU002153,Low
STU002154,Moderate
STU002155,Low
STU002156,Low
STU002157,Moderate
STU002158,Low
STU002159,High
STU002160,Moderate
STU002161,Low
STU002162,High
STU002163,High
STU002164,Moderate
STU002165,Critical
STU002166,Moderate
STU002167,High
STU002168,Low
STU002169,Moderate
STU002170,Moderate
STU002171,Moderate
STU002172,Low
STU002173,High
STU002174,Moderate
STU002175,Moderate
STU002176,Moderate
STU002177,Moderate
STU002178,Moderate
STU002179,High
STU002180,Moderate
STU002181,Moderate
STU002182,Moderate
STU002183,Moderate
STU002184,High
STU002185,Moderate
STU002186,Moderate
STU002187,Moderate
STU002188,Moderate
STU002189,Moderate
STU002190,Moderate
STU002191,Moderate
STU002192,Moderate
STU002193,Moderate
STU002194,Low
STU002195,High
STU002196,Moderate
STU002197,Low
STU002198,Moderate
STU002199,High
STU002200,High
STU002201,Moderate
STU002202,High
STU002203,High
STU002204,High
STU002205,Low
STU002206,Moderate
STU002207,High
STU002208,Low
STU002209,High
STU002210,Moderate
STU002211,Low
STU002212,Moderate
STU002213,Moderate
STU002214,Moderate
STU002215,Moderate
STU002216,Moderate
STU002217,Low
STU002218,High
STU002219,Low
STU002220,High
STU002221,Low
STU002222,Moderate
STU002223,Moderate
STU002224,Low
STU002225,Low
STU002226,Moderate
STU002227,High
STU002228,High
STU002229,Low
STU002230,Moderate
STU002231,Low
STU002232,Moderate
STU002233,High
STU002234,Moderate
STU002235,Moderate
STU002236,Low
STU002237,Low
STU002238,Moderate
STU002239,Moderate
STU002240,Moderate
STU002241,Moderate
STU002242,Moderate
STU002243,Moderate
STU002244,Low
STU002245,Moderate
STU002246,High
STU002247,High
STU002248,Low
STU002249,High
STU002250,High
STU002251,Moderate
STU002252,Moderate
STU002253,Low
STU002254,High
STU002255,Moderate
STU002256,High
STU002257,Moderate
STU002258,High
STU002259,Moderate
STU002260,Moderate
STU002261,Moderate
STU002262,Moderate
STU002263,Moderate
STU002264,Moderate
STU002265,Moderate
STU002266,Moderate
STU002267,Low
STU002268,Moderate
STU002269,Moderate
STU002270,Moderate
STU002271,High
STU002272,High
STU002273,Moderate
STU002274,Moderate
STU002275,High
STU002276,Moderate
STU002277,Moderate
STU002278,High
STU002279,Moderate
STU002280,Low
STU002281,Low
STU002282,Low
STU002283,Low
STU002284,Moderate
STU002285,Moderate
STU002286,High
STU002287,High
STU002288,Moderate
STU002289,Moderate
STU002290,High
STU002291,High
STU002292,Moderate
STU002293,Moderate
STU002294,Moderate
STU002295,High
STU002296,Moderate
STU002297,Low
STU002298,Moderate
STU002299,High
STU002300,Low
STU002301,High
STU002302,Moderate
STU002303,Moderate
STU002304,Moderate
STU002305,High
STU002306,High
STU002307,Moderate
STU002308,High
STU002309,High
STU002310,High
STU002311,Moderate
STU002312,Moderate
STU002313,Moderate
STU002314,Low
STU002315,Moderate
STU002316,High
STU002317,Moderate
STU002318,Moderate
STU002319,Moderate
STU002320,Moderate
STU002321,Low
STU002322,High
STU002323,Moderate
STU002324,Low
STU002325,High
STU002326,Low
STU002327,Moderate
STU002328,High
STU002329,Low
STU002330,Low
STU002331,Moderate
STU002332,Moderate
STU002333,Moderate
STU002334,Moderate
STU002335,High
STU002336,Moderate
STU002337,Low
STU002338,High
STU002339,Moderate
STU002340,High
STU002341,High
STU002342,Moderate
STU002343,Moderate
STU002344,Moderate
STU002345,Moderate
STU002346,Moderate
STU002347,High
STU002348,Moderate
STU002349,Moderate
STU002350,Moderate
STU002351,Low
STU002352,Moderate
STU002353,Low
STU002354,Moderate
STU002355,Low
STU002356,Moderate
STU002357,Moderate
STU002358,High
STU002359,Low
STU002360,High
STU002361,Moderate
STU002362,Low
STU002363,Moderate
STU002364,Moderate
STU002365,Low
STU002366,High
STU002367,High
STU002368,Moderate
STU002369,Moderate
STU002370,High
STU002371,Low
STU002372,Moderate
STU002373,Moderate
STU002374,High
STU002375,Moderate
STU002376,Low
STU002377,Moderate
STU002378,Moderate
STU002379,Moderate
STU002380,High
STU002381,Moderate
STU002382,Low
STU002383,High
STU002384,High
STU002385,Moderate
STU002386,High
STU002387,Moderate
STU002388,Moderate
STU002389,Moderate
STU002390,Moderate
STU002391,Low
STU002392,High
STU002393,Low
STU002394,Low
STU002395,Moderate
STU002396,High
STU002397,Moderate
STU002398,Moderate
STU002399,High
STU002400,Moderate
STU002401,Moderate
STU002402,High
STU002403,Moderate
STU002404,Moderate
STU002405,Moderate
STU002406,High
STU002407,Moderate
STU002408,High
STU002409,Moderate
STU002410,Low
STU002411,High
STU002412,Moderate
STU002413,Moderate
STU002414,Moderate
STU002415,Moderate
STU002416,Low
STU002417,Moderate
STU002418,High
STU002419,Moderate
STU002420,High
STU002421,High
STU002422,Moderate
STU002423,Moderate
STU002424,Moderate
STU002425,Moderate
STU002426,Moderate
STU002427,Low
STU002428,Moderate
STU002429,Moderate
STU002430,High
STU002431,High
STU002432,Moderate
STU002433,Low
STU002434,Low
STU002435,High
STU002436,Moderate
STU002437,High
STU002438,Moderate
STU002439,Moderate
STU002440,Moderate
STU002441,High
STU002442,Moderate
STU002443,Moderate
STU002444,Moderate
STU002445,Moderate
STU002446,High
STU002447,Low
STU002448,Moderate
STU002449,Moderate
STU002450,Moderate
STU002451,Moderate
STU002452,Moderate
STU002453,Moderate
STU002454,Moderate
STU002455,Moderate
STU002456,Moderate
STU002457,Moderate
STU002458,Moderate
STU002459,Moderate
STU002460,High
STU002461,Low
STU002462,Moderate
STU002463,High
STU002464,Moderate
STU002465,High
STU002466,Moderate
STU002467,High
STU002468,Moderate
STU002469,Moderate
STU002470,Moderate
STU002471,Moderate
STU002472,Moderate
STU002473,Moderate
STU002474,Moderate
STU002475,Low
STU002476,Moderate
STU002477,Low
STU002478,Low
STU002479,Moderate
STU002480,Moderate
STU002481,Moderate
STU002482,High
STU002483,Moderate
STU002484,High
STU002485,Low
STU002486,Moderate
STU002487,Moderate
STU002488,Critical
STU002489,Moderate
STU002490,Low
STU002491,Moderate
STU002492,Low
STU002493,Low
STU002494,Moderate
STU002495,Moderate
STU002496,Moderate
STU002497,High
STU002498,Low
STU002499,Moderate
STU002500,High
