advisor,assigned_cases,completed_cases,positive_outcomes,completion_rate
Advisor 01,9,2,4,22.22222222222222
Advisor 02,10,7,6,70.0
Advisor 03,13,7,9,53.84615384615385
Advisor 04,17,7,11,41.17647058823529
Advisor 05,11,5,8,45.45454545454545
Advisor 06,14,8,12,57.14285714285714
Advisor 07,9,6,6,66.66666666666666
Advisor 08,11,6,8,54.54545454545454
Advisor 09,10,4,5,40.0
Advisor 10,13,7,6,53.84615384615385
Advisor 11,10,6,5,60.0
Advisor 12,14,8,11,57.14285714285714
Advisor 13,9,3,5,33.33333333333333
Advisor 14,13,6,5,46.15384615384615
Advisor 15,17,7,8,41.17647058823529
