respondent_type,theme,responses,average_score
Faculty,Communication,40,2.825
Faculty,Dashboard usefulness,54,3.0185185185185186
Faculty,Data visibility,46,2.652173913043478
Faculty,Intervention coordination,44,3.3181818181818183
Faculty,Referral process,52,3.0576923076923075
Student,Academic resources,230,2.9695652173913043
Student,Advising access,214,2.9485981308411215
Student,Communication,228,2.973684210526316
Student,Scheduling,273,2.8424908424908426
Student,Study skills,249,2.9799196787148596
Student,Tutoring usefulness,216,3.013888888888889
