survey_week,respondent_type,responses,average_score
2026-08-31/2026-09-06,Faculty,44,2.8863636363636362
2026-08-31/2026-09-06,Student,299,2.983277591973244
2026-09-07/2026-09-13,Faculty,70,3.057142857142857
2026-09-07/2026-09-13,Student,358,2.9273743016759775
2026-09-14/2026-09-20,Faculty,55,2.8363636363636364
2026-09-14/2026-09-20,Student,347,2.9654178674351583
2026-09-21/2026-09-27,Faculty,58,2.9827586206896552
2026-09-21/2026-09-27,Student,352,2.90625
2026-09-28/2026-10-04,Faculty,9,3.6666666666666665
2026-09-28/2026-10-04,Student,54,3.1296296296296298
